<?xml version='1.0' encoding='UTF-8' standalone='no'?>
<doxygen xmlns:xsi="http://www.w3.org/2001/XMLSchema-instance" xsi:noNamespaceSchemaLocation="compound.xsd" version="1.8.13">
  <compounddef id="buscaPosicao_8h" kind="file" language="C++">
    <compoundname>buscaPosicao.h</compoundname>
    <includes refid="estruturasDados_8h" local="yes">estruturasDados.h</includes>
    <includedby refid="Interpretador_8c" local="yes">Camada_de_interface/Interpretador.c</includedby>
    <includedby refid="buscaPosicao_8c" local="yes">Camadas_de_dados/buscaPosicao.c</includedby>
    <incdepgraph>
      <node id="49">
        <label>Camadas_de_dados/buscaPosicao.h</label>
        <link refid="buscaPosicao_8h"/>
        <childnode refid="50" relation="include">
        </childnode>
      </node>
      <node id="50">
        <label>estruturasDados.h</label>
        <link refid="estruturasDados_8h"/>
      </node>
    </incdepgraph>
      <sectiondef kind="func">
      <memberdef kind="function" id="buscaPosicao_8h_1a46733694eb552086393490ffce85bec7" prot="public" static="no" const="no" explicit="no" inline="no" virt="non-virtual">
        <type><ref refid="structESTADO" kindref="compound">ESTADO</ref> *</type>
        <definition>ESTADO* posicao</definition>
        <argsstring>(int pos, ESTADO *e)</argsstring>
        <name>posicao</name>
        <param>
          <type>int</type>
          <declname>pos</declname>
        </param>
        <param>
          <type><ref refid="structESTADO" kindref="compound">ESTADO</ref> *</type>
          <declname>e</declname>
        </param>
        <briefdescription>
<para>Definicao da funcao que vai a posicao indicada para retomar o jogo a partir da mesma. </para>        </briefdescription>
        <detaileddescription>
<para><parameterlist kind="param"><parameteritem>
<parameternamelist>
<parametername>pos</parametername>
</parameternamelist>
<parameterdescription>
<para>A posicao pretendida </para></parameterdescription>
</parameteritem>
<parameteritem>
<parameternamelist>
<parametername>e</parametername>
</parameternamelist>
<parameterdescription>
<para>Apontador do estado </para></parameterdescription>
</parameteritem>
</parameterlist>
<simplesect kind="return"><para>O restado a partir dessa posicao </para></simplesect>
</para>        </detaileddescription>
        <inbodydescription>
        </inbodydescription>
        <location file="Camadas_de_dados/buscaPosicao.h" line="21" column="1" bodyfile="Camadas_de_dados/buscaPosicao.c" bodystart="10" bodyend="36"/>
      </memberdef>
      </sectiondef>
    <briefdescription>
    </briefdescription>
    <detaileddescription>
<para>Definicao da(s) funcao(oes) que vai(o) a uma determinada jogada e retoma(m) o jogo a partir da mesma </para>    </detaileddescription>
    <programlisting>
<codeline lineno="1"><highlight class="comment">//</highlight><highlight class="normal"></highlight></codeline>
<codeline lineno="2"><highlight class="normal"></highlight><highlight class="comment">//<sp/>Created<sp/>by<sp/>david<sp/>on<sp/>01/04/20.</highlight><highlight class="normal"></highlight></codeline>
<codeline lineno="3"><highlight class="normal"></highlight><highlight class="comment">//</highlight><highlight class="normal"></highlight></codeline>
<codeline lineno="4"><highlight class="normal"></highlight></codeline>
<codeline lineno="10"><highlight class="preprocessor">#include<sp/>&quot;<ref refid="estruturasDados_8h" kindref="compound">estruturasDados.h</ref>&quot;</highlight><highlight class="normal"></highlight></codeline>
<codeline lineno="11"><highlight class="normal"></highlight></codeline>
<codeline lineno="12"><highlight class="normal"></highlight><highlight class="preprocessor">#ifndef<sp/>RASTROS_BUSCAPOSICAO_H</highlight><highlight class="normal"></highlight></codeline>
<codeline lineno="13"><highlight class="normal"></highlight><highlight class="preprocessor">#define<sp/>RASTROS_BUSCAPOSICAO_H</highlight><highlight class="normal"></highlight></codeline>
<codeline lineno="14"><highlight class="normal"></highlight></codeline>
<codeline lineno="21"><highlight class="normal"><ref refid="structESTADO" kindref="compound">ESTADO</ref><sp/>*<ref refid="buscaPosicao_8h_1a46733694eb552086393490ffce85bec7" kindref="member">posicao</ref><sp/>(</highlight><highlight class="keywordtype">int</highlight><highlight class="normal"><sp/>pos,<sp/><ref refid="structESTADO" kindref="compound">ESTADO</ref><sp/>*e);</highlight></codeline>
<codeline lineno="22"><highlight class="normal"></highlight></codeline>
<codeline lineno="23"><highlight class="normal"></highlight><highlight class="preprocessor">#endif<sp/>//RASTROS_BUSCAPOSICAO_H</highlight></codeline>
    </programlisting>
    <location file="Camadas_de_dados/buscaPosicao.h"/>
  </compounddef>
</doxygen>
