<?xml version='1.0' encoding='UTF-8' standalone='no'?>
<doxygen xmlns:xsi="http://www.w3.org/2001/XMLSchema-instance" xsi:noNamespaceSchemaLocation="compound.xsd" version="1.8.13">
  <compounddef id="dir_594dc54ddaea6b7304806be14d23a0a5" kind="dir">
    <compoundname>Camada_de_interface</compoundname>
    <innerfile refid="imprimeCasa_8c">imprimeCasa.c</innerfile>
    <innerfile refid="imprimeCasa_8h">imprimeCasa.h</innerfile>
    <innerfile refid="interface_8c">interface.c</innerfile>
    <innerfile refid="interface_8h">interface.h</innerfile>
    <innerfile refid="Interpretador_8c">Interpretador.c</innerfile>
    <innerfile refid="Interpretador_8h">Interpretador.h</innerfile>
    <briefdescription>
    </briefdescription>
    <detaileddescription>
    </detaileddescription>
    <location file="Camada_de_interface/"/>
  </compounddef>
</doxygen>
