<?xml version='1.0' encoding='UTF-8' standalone='no'?>
<doxygen xmlns:xsi="http://www.w3.org/2001/XMLSchema-instance" xsi:noNamespaceSchemaLocation="compound.xsd" version="1.8.13">
  <compounddef id="estruturasDados_8c" kind="file" language="C++">
    <compoundname>estruturasDados.c</compoundname>
    <includes refid="estruturasDados_8h" local="yes">estruturasDados.h</includes>
    <incdepgraph>
      <node id="52">
        <label>Camadas_de_dados/estruturasDados.c</label>
        <link refid="estruturasDados_8c"/>
        <childnode refid="53" relation="include">
        </childnode>
      </node>
      <node id="53">
        <label>estruturasDados.h</label>
        <link refid="estruturasDados_8h"/>
      </node>
    </incdepgraph>
    <briefdescription>
    </briefdescription>
    <detaileddescription>
    </detaileddescription>
    <programlisting>
<codeline lineno="1"><highlight class="comment">//</highlight><highlight class="normal"></highlight></codeline>
<codeline lineno="2"><highlight class="normal"></highlight><highlight class="comment">//<sp/>Created<sp/>by<sp/>david<sp/>on<sp/>12/03/20.</highlight><highlight class="normal"></highlight></codeline>
<codeline lineno="3"><highlight class="normal"></highlight><highlight class="comment">//</highlight><highlight class="normal"></highlight></codeline>
<codeline lineno="4"><highlight class="normal"></highlight></codeline>
<codeline lineno="5"><highlight class="normal"></highlight><highlight class="preprocessor">#include<sp/>&quot;<ref refid="estruturasDados_8h" kindref="compound">estruturasDados.h</ref>&quot;</highlight><highlight class="normal"></highlight></codeline>
<codeline lineno="6"><highlight class="normal"></highlight></codeline>
<codeline lineno="7"><highlight class="normal"></highlight><highlight class="comment">//<sp/>Estruturas<sp/>de<sp/>dados<sp/>(devem<sp/>ser<sp/>colocadas<sp/>no<sp/>modulo<sp/>correto<sp/>da<sp/>camada<sp/>de<sp/>dados)</highlight></codeline>
    </programlisting>
    <location file="Camadas_de_dados/estruturasDados.c"/>
  </compounddef>
</doxygen>
