<?xml version='1.0' encoding='UTF-8' standalone='no'?>
<doxygen xmlns:xsi="http://www.w3.org/2001/XMLSchema-instance" xsi:noNamespaceSchemaLocation="compound.xsd" version="1.8.13">
  <compounddef id="grava_8c" kind="file" language="C++">
    <compoundname>grava.c</compoundname>
    <includes local="no">bits/types/FILE.h</includes>
    <includes local="no">stdio.h</includes>
    <includes local="no">stdlib.h</includes>
    <includes refid="grava_8h" local="yes">grava.h</includes>
    <includes refid="interface_8h" local="yes">../Camada_de_interface/interface.h</includes>
    <incdepgraph>
      <node id="71">
        <label>bits/types/FILE.h</label>
      </node>
      <node id="73">
        <label>stdlib.h</label>
      </node>
      <node id="70">
        <label>Camadas_de_dados/grava.c</label>
        <link refid="grava_8c"/>
        <childnode refid="71" relation="include">
        </childnode>
        <childnode refid="72" relation="include">
        </childnode>
        <childnode refid="73" relation="include">
        </childnode>
        <childnode refid="74" relation="include">
        </childnode>
        <childnode refid="76" relation="include">
        </childnode>
      </node>
      <node id="74">
        <label>grava.h</label>
        <link refid="grava_8h"/>
        <childnode refid="75" relation="include">
        </childnode>
      </node>
      <node id="76">
        <label>../Camada_de_interface/interface.h</label>
        <link refid="interface_8h"/>
        <childnode refid="71" relation="include">
        </childnode>
        <childnode refid="75" relation="include">
        </childnode>
      </node>
      <node id="75">
        <label>estruturasDados.h</label>
        <link refid="estruturasDados_8h"/>
      </node>
      <node id="72">
        <label>stdio.h</label>
      </node>
    </incdepgraph>
      <sectiondef kind="func">
      <memberdef kind="function" id="grava_8c_1a7b3e472cc7e1237619818b0ed9003640" prot="public" static="no" const="no" explicit="no" inline="no" virt="non-virtual">
        <type>int</type>
        <definition>int gravar</definition>
        <argsstring>(ESTADO *e, char *filename)</argsstring>
        <name>gravar</name>
        <param>
          <type><ref refid="structESTADO" kindref="compound">ESTADO</ref> *</type>
          <declname>e</declname>
        </param>
        <param>
          <type>char *</type>
          <declname>filename</declname>
        </param>
        <briefdescription>
<para>Funcao que grava o estado do jogo num ficheiro. </para>        </briefdescription>
        <detaileddescription>
<para><parameterlist kind="param"><parameteritem>
<parameternamelist>
<parametername>e</parametername>
</parameternamelist>
<parameterdescription>
<para>Apontador do Estado </para></parameterdescription>
</parameteritem>
<parameteritem>
<parameternamelist>
<parametername>filename</parametername>
</parameternamelist>
<parameterdescription>
<para>Nome do ficheiro </para></parameterdescription>
</parameteritem>
</parameterlist>
<simplesect kind="return"><para>0 quando e possivel gravar </para></simplesect>
</para>        </detaileddescription>
        <inbodydescription>
        </inbodydescription>
        <location file="Camadas_de_dados/grava.c" line="12" column="1" bodyfile="Camadas_de_dados/grava.c" bodystart="12" bodyend="31"/>
      </memberdef>
      </sectiondef>
    <briefdescription>
    </briefdescription>
    <detaileddescription>
    </detaileddescription>
    <programlisting>
<codeline lineno="1"><highlight class="comment">//</highlight><highlight class="normal"></highlight></codeline>
<codeline lineno="2"><highlight class="normal"></highlight><highlight class="comment">//<sp/>Created<sp/>by<sp/>david<sp/>on<sp/>20/03/20.</highlight><highlight class="normal"></highlight></codeline>
<codeline lineno="3"><highlight class="normal"></highlight><highlight class="comment">//</highlight><highlight class="normal"></highlight></codeline>
<codeline lineno="4"><highlight class="normal"></highlight></codeline>
<codeline lineno="5"><highlight class="normal"></highlight><highlight class="preprocessor">#include<sp/>&lt;bits/types/FILE.h&gt;</highlight><highlight class="normal"></highlight></codeline>
<codeline lineno="6"><highlight class="normal"></highlight><highlight class="preprocessor">#include<sp/>&lt;stdio.h&gt;</highlight><highlight class="normal"></highlight></codeline>
<codeline lineno="7"><highlight class="normal"></highlight><highlight class="preprocessor">#include<sp/>&lt;stdlib.h&gt;</highlight><highlight class="normal"></highlight></codeline>
<codeline lineno="8"><highlight class="normal"></highlight><highlight class="preprocessor">#include<sp/>&quot;<ref refid="grava_8h" kindref="compound">grava.h</ref>&quot;</highlight><highlight class="normal"></highlight></codeline>
<codeline lineno="9"><highlight class="normal"></highlight><highlight class="preprocessor">#include<sp/>&quot;../Camada_de_interface/interface.h&quot;</highlight><highlight class="normal"></highlight></codeline>
<codeline lineno="10"><highlight class="normal"></highlight></codeline>
<codeline lineno="11"><highlight class="normal"></highlight></codeline>
<codeline lineno="12"><highlight class="normal"></highlight><highlight class="keywordtype">int</highlight><highlight class="normal"><sp/><ref refid="grava_8h_1a7b3e472cc7e1237619818b0ed9003640" kindref="member">gravar</ref><sp/>(<ref refid="structESTADO" kindref="compound">ESTADO</ref><sp/>*e,<sp/></highlight><highlight class="keywordtype">char</highlight><highlight class="normal"><sp/>*filename)<sp/>{</highlight></codeline>
<codeline lineno="13"><highlight class="normal"></highlight></codeline>
<codeline lineno="14"><highlight class="normal"><sp/><sp/><sp/><sp/>FILE<sp/>*jogo;</highlight></codeline>
<codeline lineno="15"><highlight class="normal"></highlight></codeline>
<codeline lineno="16"><highlight class="normal"><sp/><sp/><sp/><sp/>jogo<sp/>=<sp/>fopen(filename,</highlight><highlight class="stringliteral">&quot;w&quot;</highlight><highlight class="normal">);</highlight></codeline>
<codeline lineno="17"><highlight class="normal"></highlight></codeline>
<codeline lineno="18"><highlight class="normal"><sp/><sp/><sp/><sp/></highlight><highlight class="keywordflow">if</highlight><highlight class="normal"><sp/>(jogo<sp/>==<sp/>NULL)<sp/></highlight><highlight class="keywordflow">return</highlight><highlight class="normal"><sp/>0;</highlight></codeline>
<codeline lineno="19"><highlight class="normal"></highlight></codeline>
<codeline lineno="20"><highlight class="normal"><sp/><sp/><sp/><sp/><ref refid="interface_8h_1ae01b0ed404ed74367f2c3d279d94a32e" kindref="member">mostrar_tabuleiro</ref>(e,jogo);</highlight></codeline>
<codeline lineno="21"><highlight class="normal"><sp/><sp/><sp/><sp/>fputc(</highlight><highlight class="charliteral">&apos;\n&apos;</highlight><highlight class="normal">,jogo);</highlight></codeline>
<codeline lineno="22"><highlight class="normal"><sp/><sp/><sp/><sp/></highlight><highlight class="comment">//if<sp/>(ficheiro<sp/>!=<sp/>stdout)<sp/>{</highlight><highlight class="normal"></highlight></codeline>
<codeline lineno="23"><highlight class="normal"><sp/><sp/><sp/><sp/><sp/><sp/><sp/></highlight><highlight class="comment">//<sp/>fprintf(ficheiro,&apos;\n&apos;);</highlight><highlight class="normal"></highlight></codeline>
<codeline lineno="24"><highlight class="normal"><sp/><sp/><sp/><sp/><sp/><sp/><sp/><sp/><ref refid="interface_8h_1aa1347f8d8a0591b9b9744245d12cd519" kindref="member">mostrar_movimentos</ref><sp/>(e,<sp/>jogo);</highlight></codeline>
<codeline lineno="25"><highlight class="normal"><sp/><sp/><sp/><sp/></highlight><highlight class="comment">//}</highlight><highlight class="normal"></highlight></codeline>
<codeline lineno="26"><highlight class="normal"></highlight></codeline>
<codeline lineno="27"><highlight class="normal"><sp/><sp/><sp/><sp/>fclose<sp/>(jogo);</highlight></codeline>
<codeline lineno="28"><highlight class="normal"></highlight></codeline>
<codeline lineno="29"><highlight class="normal"><sp/><sp/><sp/><sp/></highlight><highlight class="keywordflow">return</highlight><highlight class="normal"><sp/>1;</highlight></codeline>
<codeline lineno="30"><highlight class="normal"></highlight></codeline>
<codeline lineno="31"><highlight class="normal">}</highlight></codeline>
    </programlisting>
    <location file="Camadas_de_dados/grava.c"/>
  </compounddef>
</doxygen>
