<?xml version='1.0' encoding='UTF-8' standalone='no'?>
<doxygen xmlns:xsi="http://www.w3.org/2001/XMLSchema-instance" xsi:noNamespaceSchemaLocation="compound.xsd" version="1.8.13">
  <compounddef id="interface_8c" kind="file" language="C++">
    <compoundname>interface.c</compoundname>
    <includes refid="interface_8h" local="yes">interface.h</includes>
    <includes refid="estruturasDados_8h" local="yes">../Camadas_de_dados/estruturasDados.h</includes>
    <includes refid="imprimeCasa_8h" local="yes">imprimeCasa.h</includes>
    <includes refid="modificaEstado_8h" local="yes">../Camadas_de_dados/modificaEstado.h</includes>
    <includes refid="listaMovs_8h" local="yes">../Camadas_de_dados/listaMovs.h</includes>
    <includes local="no">stdio.h</includes>
    <includes local="no">stdlib.h</includes>
    <includes local="no">string.h</includes>
    <incdepgraph>
      <node id="10">
        <label>bits/types/FILE.h</label>
      </node>
      <node id="16">
        <label>stdlib.h</label>
      </node>
      <node id="8">
        <label>Camada_de_interface/interface.c</label>
        <link refid="interface_8c"/>
        <childnode refid="9" relation="include">
        </childnode>
        <childnode refid="11" relation="include">
        </childnode>
        <childnode refid="12" relation="include">
        </childnode>
        <childnode refid="13" relation="include">
        </childnode>
        <childnode refid="14" relation="include">
        </childnode>
        <childnode refid="15" relation="include">
        </childnode>
        <childnode refid="16" relation="include">
        </childnode>
        <childnode refid="17" relation="include">
        </childnode>
      </node>
      <node id="9">
        <label>interface.h</label>
        <link refid="interface_8h"/>
        <childnode refid="10" relation="include">
        </childnode>
        <childnode refid="11" relation="include">
        </childnode>
      </node>
      <node id="13">
        <label>../Camadas_de_dados/modificaEstado.h</label>
        <link refid="modificaEstado_8h"/>
        <childnode refid="11" relation="include">
        </childnode>
      </node>
      <node id="17">
        <label>string.h</label>
      </node>
      <node id="11">
        <label>../Camadas_de_dados/estruturasDados.h</label>
        <link refid="estruturasDados_8h"/>
      </node>
      <node id="14">
        <label>../Camadas_de_dados/listaMovs.h</label>
        <link refid="listaMovs_8h"/>
        <childnode refid="10" relation="include">
        </childnode>
        <childnode refid="11" relation="include">
        </childnode>
      </node>
      <node id="15">
        <label>stdio.h</label>
      </node>
      <node id="12">
        <label>imprimeCasa.h</label>
        <link refid="imprimeCasa_8h"/>
        <childnode refid="11" relation="include">
        </childnode>
      </node>
    </incdepgraph>
      <sectiondef kind="func">
      <memberdef kind="function" id="interface_8c_1ae01b0ed404ed74367f2c3d279d94a32e" prot="public" static="no" const="no" explicit="no" inline="no" virt="non-virtual">
        <type>void</type>
        <definition>void mostrar_tabuleiro</definition>
        <argsstring>(ESTADO *e, FILE *ficheiro)</argsstring>
        <name>mostrar_tabuleiro</name>
        <param>
          <type><ref refid="structESTADO" kindref="compound">ESTADO</ref> *</type>
          <declname>e</declname>
        </param>
        <param>
          <type>FILE *</type>
          <declname>ficheiro</declname>
        </param>
        <briefdescription>
<para>Definicao da funcao que imprime o tabuleiro de acordo com o estado e as coordenadas lateralmente para ajudar os jogadores. </para>        </briefdescription>
        <detaileddescription>
<para><parameterlist kind="param"><parameteritem>
<parameternamelist>
<parametername>e</parametername>
</parameternamelist>
<parameterdescription>
<para>Apontador do estado </para></parameterdescription>
</parameteritem>
<parameteritem>
<parameternamelist>
<parametername>ficheiro</parametername>
</parameternamelist>
<parameterdescription>
<para>Nome do ficheiro para o qual se imprime o tabuleiro </para></parameterdescription>
</parameteritem>
</parameterlist>
</para>        </detaileddescription>
        <inbodydescription>
        </inbodydescription>
        <location file="Camada_de_interface/interface.c" line="16" column="1" bodyfile="Camada_de_interface/interface.c" bodystart="16" bodyend="65"/>
      </memberdef>
      <memberdef kind="function" id="interface_8c_1a3d8df62a196f60a42b923004ecf03e12" prot="public" static="no" const="no" explicit="no" inline="no" virt="non-virtual">
        <type>void</type>
        <definition>void mostrar_prompt</definition>
        <argsstring>(ESTADO *e, FILE *ficheiro)</argsstring>
        <name>mostrar_prompt</name>
        <param>
          <type><ref refid="structESTADO" kindref="compound">ESTADO</ref> *</type>
          <declname>e</declname>
        </param>
        <param>
          <type>FILE *</type>
          <declname>ficheiro</declname>
        </param>
        <briefdescription>
<para>Definicao da funcao que cria a prompt, com o numero do jogador atual, da jogada e o numero dos movimentos feitos. </para>        </briefdescription>
        <detaileddescription>
<para><parameterlist kind="param"><parameteritem>
<parameternamelist>
<parametername>e</parametername>
</parameternamelist>
<parameterdescription>
<para>Apontador do estado </para></parameterdescription>
</parameteritem>
<parameteritem>
<parameternamelist>
<parametername>ficheiro</parametername>
</parameternamelist>
<parameterdescription>
<para>Nome do ficheiro no qual se pretende mostrar a prompt </para></parameterdescription>
</parameteritem>
</parameterlist>
</para>        </detaileddescription>
        <inbodydescription>
        </inbodydescription>
        <location file="Camada_de_interface/interface.c" line="68" column="1" bodyfile="Camada_de_interface/interface.c" bodystart="68" bodyend="80"/>
      </memberdef>
      <memberdef kind="function" id="interface_8c_1aa1347f8d8a0591b9b9744245d12cd519" prot="public" static="no" const="no" explicit="no" inline="no" virt="non-virtual">
        <type>void</type>
        <definition>void mostrar_movimentos</definition>
        <argsstring>(ESTADO *e, FILE *ficheiro)</argsstring>
        <name>mostrar_movimentos</name>
        <param>
          <type><ref refid="structESTADO" kindref="compound">ESTADO</ref> *</type>
          <declname>e</declname>
        </param>
        <param>
          <type>FILE *</type>
          <declname>ficheiro</declname>
        </param>
        <briefdescription>
<para>Definicao da funcao que imprime a lista de movimentos do jogo de acordo com o estado. </para>        </briefdescription>
        <detaileddescription>
<para><parameterlist kind="param"><parameteritem>
<parameternamelist>
<parametername>e</parametername>
</parameternamelist>
<parameterdescription>
<para>Apontador do estado </para></parameterdescription>
</parameteritem>
<parameteritem>
<parameternamelist>
<parametername>ficheiro</parametername>
</parameternamelist>
<parameterdescription>
<para>Nome do ficheiro para o qual se imprime a lista </para></parameterdescription>
</parameteritem>
</parameterlist>
</para>        </detaileddescription>
        <inbodydescription>
        </inbodydescription>
        <location file="Camada_de_interface/interface.c" line="82" column="1" bodyfile="Camada_de_interface/interface.c" bodystart="82" bodyend="86"/>
      </memberdef>
      </sectiondef>
    <briefdescription>
    </briefdescription>
    <detaileddescription>
    </detaileddescription>
    <programlisting>
<codeline lineno="1"><highlight class="comment">//</highlight><highlight class="normal"></highlight></codeline>
<codeline lineno="2"><highlight class="normal"></highlight><highlight class="comment">//<sp/>Created<sp/>by<sp/>oliveira<sp/>on<sp/>13/03/20.</highlight><highlight class="normal"></highlight></codeline>
<codeline lineno="3"><highlight class="normal"></highlight><highlight class="comment">//</highlight><highlight class="normal"></highlight></codeline>
<codeline lineno="4"><highlight class="normal"></highlight></codeline>
<codeline lineno="5"><highlight class="normal"></highlight><highlight class="preprocessor">#include<sp/>&quot;<ref refid="interface_8h" kindref="compound">interface.h</ref>&quot;</highlight><highlight class="normal"></highlight></codeline>
<codeline lineno="6"><highlight class="normal"></highlight><highlight class="preprocessor">#include<sp/>&quot;../Camadas_de_dados/estruturasDados.h&quot;</highlight><highlight class="normal"></highlight></codeline>
<codeline lineno="7"><highlight class="normal"></highlight><highlight class="preprocessor">#include<sp/>&quot;<ref refid="imprimeCasa_8h" kindref="compound">imprimeCasa.h</ref>&quot;</highlight><highlight class="normal"></highlight></codeline>
<codeline lineno="8"><highlight class="normal"></highlight><highlight class="preprocessor">#include<sp/>&quot;../Camadas_de_dados/modificaEstado.h&quot;</highlight><highlight class="normal"></highlight></codeline>
<codeline lineno="9"><highlight class="normal"></highlight><highlight class="preprocessor">#include<sp/>&quot;../Camadas_de_dados/listaMovs.h&quot;</highlight><highlight class="normal"></highlight></codeline>
<codeline lineno="10"><highlight class="normal"></highlight><highlight class="preprocessor">#include<sp/>&lt;stdio.h&gt;</highlight><highlight class="normal"></highlight></codeline>
<codeline lineno="11"><highlight class="normal"></highlight><highlight class="preprocessor">#include<sp/>&lt;stdlib.h&gt;</highlight><highlight class="normal"></highlight></codeline>
<codeline lineno="12"><highlight class="normal"></highlight><highlight class="preprocessor">#include<sp/>&lt;string.h&gt;</highlight><highlight class="normal"></highlight></codeline>
<codeline lineno="13"><highlight class="normal"></highlight></codeline>
<codeline lineno="14"><highlight class="normal"></highlight><highlight class="comment">//<sp/>Funcao<sp/>que<sp/>deve<sp/>ser<sp/>completada<sp/>e<sp/>colocada<sp/>na<sp/>camada<sp/>de<sp/>interface</highlight><highlight class="normal"></highlight></codeline>
<codeline lineno="15"><highlight class="normal"></highlight><highlight class="comment">//<sp/>Funcao<sp/>que<sp/>devera<sp/>imprimir<sp/>o<sp/>tabuleiro</highlight><highlight class="normal"></highlight></codeline>
<codeline lineno="16"><highlight class="normal"></highlight><highlight class="keywordtype">void</highlight><highlight class="normal"><sp/><ref refid="interface_8h_1ae01b0ed404ed74367f2c3d279d94a32e" kindref="member">mostrar_tabuleiro</ref>(<ref refid="structESTADO" kindref="compound">ESTADO</ref><sp/>*e,<sp/>FILE<sp/>*ficheiro)<sp/>{</highlight></codeline>
<codeline lineno="17"><highlight class="normal"></highlight></codeline>
<codeline lineno="18"><highlight class="normal"></highlight></codeline>
<codeline lineno="19"><highlight class="normal"><sp/><sp/><sp/><sp/></highlight><highlight class="keywordtype">int</highlight><highlight class="normal"><sp/>linha,<sp/>coluna,<sp/>contalinhas;</highlight></codeline>
<codeline lineno="20"><highlight class="normal"></highlight></codeline>
<codeline lineno="21"><highlight class="normal"><sp/><sp/><sp/><sp/>contalinhas<sp/>=<sp/>8;</highlight></codeline>
<codeline lineno="22"><highlight class="normal"></highlight></codeline>
<codeline lineno="23"><highlight class="normal"></highlight></codeline>
<codeline lineno="24"><highlight class="normal"><sp/><sp/><sp/><sp/></highlight><highlight class="keywordflow">if</highlight><highlight class="normal"><sp/>(ficheiro<sp/>==<sp/>NULL)<sp/>ficheiro<sp/>=<sp/>stdout;</highlight></codeline>
<codeline lineno="25"><highlight class="normal"></highlight></codeline>
<codeline lineno="26"><highlight class="normal"><sp/><sp/><sp/><sp/></highlight><highlight class="keywordflow">for</highlight><highlight class="normal"><sp/>(coluna<sp/>=<sp/>0;<sp/>contalinhas<sp/>&gt;=<sp/>0;<sp/>coluna++,<sp/>contalinhas--)<sp/>{</highlight></codeline>
<codeline lineno="27"><highlight class="normal"></highlight></codeline>
<codeline lineno="28"><highlight class="normal"><sp/><sp/><sp/><sp/><sp/><sp/><sp/><sp/></highlight><highlight class="keywordflow">if</highlight><highlight class="normal"><sp/>(coluna<sp/>&lt;<sp/>8<sp/>&amp;&amp;<sp/>contalinhas<sp/>&gt;<sp/>0)<sp/>{</highlight></codeline>
<codeline lineno="29"><highlight class="normal"></highlight></codeline>
<codeline lineno="30"><highlight class="normal"><sp/><sp/><sp/><sp/><sp/><sp/><sp/><sp/><sp/><sp/><sp/><sp/></highlight><highlight class="keywordflow">if</highlight><highlight class="normal"><sp/>(ficheiro<sp/>==<sp/>stdout)<sp/>{</highlight></codeline>
<codeline lineno="31"><highlight class="normal"><sp/><sp/><sp/><sp/><sp/><sp/><sp/><sp/><sp/><sp/><sp/><sp/><sp/><sp/><sp/><sp/>fputc(48<sp/>+<sp/>contalinhas,<sp/>ficheiro);</highlight></codeline>
<codeline lineno="32"><highlight class="normal"><sp/><sp/><sp/><sp/><sp/><sp/><sp/><sp/><sp/><sp/><sp/><sp/><sp/><sp/><sp/><sp/>fputc(</highlight><highlight class="charliteral">&apos;|&apos;</highlight><highlight class="normal">,<sp/>ficheiro);</highlight></codeline>
<codeline lineno="33"><highlight class="normal"><sp/><sp/><sp/><sp/><sp/><sp/><sp/><sp/><sp/><sp/><sp/><sp/><sp/><sp/><sp/><sp/>fputc(</highlight><highlight class="charliteral">&apos;<sp/>&apos;</highlight><highlight class="normal">,<sp/>ficheiro);</highlight></codeline>
<codeline lineno="34"><highlight class="normal"><sp/><sp/><sp/><sp/><sp/><sp/><sp/><sp/><sp/><sp/><sp/><sp/>}</highlight></codeline>
<codeline lineno="35"><highlight class="normal"></highlight></codeline>
<codeline lineno="36"><highlight class="normal"><sp/><sp/><sp/><sp/><sp/><sp/><sp/><sp/><sp/><sp/><sp/><sp/></highlight><highlight class="keywordflow">for</highlight><highlight class="normal"><sp/>(linha<sp/>=<sp/>0;<sp/>linha<sp/>&lt;=<sp/>7;<sp/>linha++)<sp/>{</highlight></codeline>
<codeline lineno="37"><highlight class="normal"></highlight></codeline>
<codeline lineno="38"><highlight class="normal"><sp/><sp/><sp/><sp/><sp/><sp/><sp/><sp/><sp/><sp/><sp/><sp/><sp/><sp/><sp/><sp/><ref refid="imprimeCasa_8h_1a6ded6029322fc81d15fa2475a8bb5e24" kindref="member">imprimeCasa</ref>(e,<sp/>linha,<sp/>coluna,<sp/>ficheiro);</highlight></codeline>
<codeline lineno="39"><highlight class="normal"></highlight></codeline>
<codeline lineno="40"><highlight class="normal"><sp/><sp/><sp/><sp/><sp/><sp/><sp/><sp/><sp/><sp/><sp/><sp/>}</highlight></codeline>
<codeline lineno="41"><highlight class="normal"><sp/><sp/><sp/><sp/><sp/><sp/><sp/><sp/><sp/><sp/><sp/><sp/>fputc(</highlight><highlight class="charliteral">&apos;\n&apos;</highlight><highlight class="normal">,<sp/>ficheiro);</highlight></codeline>
<codeline lineno="42"><highlight class="normal"></highlight></codeline>
<codeline lineno="43"><highlight class="normal"><sp/><sp/><sp/><sp/><sp/><sp/><sp/><sp/>}<sp/></highlight><highlight class="keywordflow">else</highlight><highlight class="normal"><sp/></highlight><highlight class="keywordflow">if</highlight><highlight class="normal"><sp/>(ficheiro<sp/>==<sp/>stdout){</highlight></codeline>
<codeline lineno="44"><highlight class="normal"></highlight></codeline>
<codeline lineno="45"><highlight class="normal"><sp/><sp/><sp/><sp/><sp/><sp/><sp/><sp/><sp/><sp/><sp/><sp/></highlight><highlight class="keywordflow">for</highlight><highlight class="normal"><sp/>(</highlight><highlight class="keywordtype">int</highlight><highlight class="normal"><sp/>col<sp/>=<sp/>3;<sp/>col<sp/>&gt;<sp/>1;<sp/>col--)<sp/>{</highlight></codeline>
<codeline lineno="46"><highlight class="normal"><sp/><sp/><sp/><sp/><sp/><sp/><sp/><sp/><sp/><sp/><sp/><sp/><sp/><sp/><sp/><sp/></highlight><highlight class="keywordflow">if</highlight><highlight class="normal"><sp/>(col<sp/>&gt;<sp/>2)<sp/>{</highlight></codeline>
<codeline lineno="47"><highlight class="normal"><sp/><sp/><sp/><sp/><sp/><sp/><sp/><sp/><sp/><sp/><sp/><sp/><sp/><sp/><sp/><sp/><sp/><sp/><sp/><sp/></highlight><highlight class="keywordflow">for</highlight><highlight class="normal"><sp/>(</highlight><highlight class="keywordtype">int</highlight><highlight class="normal"><sp/>i<sp/>=<sp/>0;<sp/>i<sp/>&lt;<sp/>18;<sp/>i++)<sp/>{</highlight></codeline>
<codeline lineno="48"><highlight class="normal"><sp/><sp/><sp/><sp/><sp/><sp/><sp/><sp/><sp/><sp/><sp/><sp/><sp/><sp/><sp/><sp/><sp/><sp/><sp/><sp/><sp/><sp/><sp/><sp/></highlight><highlight class="keywordflow">if</highlight><highlight class="normal"><sp/>(i<sp/>&lt;<sp/>3)<sp/>fputc(</highlight><highlight class="charliteral">&apos;<sp/>&apos;</highlight><highlight class="normal">,<sp/>ficheiro);</highlight></codeline>
<codeline lineno="49"><highlight class="normal"><sp/><sp/><sp/><sp/><sp/><sp/><sp/><sp/><sp/><sp/><sp/><sp/><sp/><sp/><sp/><sp/><sp/><sp/><sp/><sp/><sp/><sp/><sp/><sp/></highlight><highlight class="keywordflow">else</highlight><highlight class="normal"><sp/>fputc(</highlight><highlight class="charliteral">&apos;-&apos;</highlight><highlight class="normal">,<sp/>ficheiro);</highlight></codeline>
<codeline lineno="50"><highlight class="normal"><sp/><sp/><sp/><sp/><sp/><sp/><sp/><sp/><sp/><sp/><sp/><sp/><sp/><sp/><sp/><sp/><sp/><sp/><sp/><sp/>}</highlight></codeline>
<codeline lineno="51"><highlight class="normal"><sp/><sp/><sp/><sp/><sp/><sp/><sp/><sp/><sp/><sp/><sp/><sp/><sp/><sp/><sp/><sp/><sp/><sp/><sp/><sp/>fputc(</highlight><highlight class="charliteral">&apos;\n&apos;</highlight><highlight class="normal">,<sp/>ficheiro);</highlight></codeline>
<codeline lineno="52"><highlight class="normal"><sp/><sp/><sp/><sp/><sp/><sp/><sp/><sp/><sp/><sp/><sp/><sp/><sp/><sp/><sp/><sp/>}<sp/></highlight><highlight class="keywordflow">else</highlight><highlight class="normal"><sp/></highlight><highlight class="keywordflow">if</highlight><highlight class="normal"><sp/>(col<sp/>&gt;<sp/>1)<sp/>{</highlight></codeline>
<codeline lineno="53"><highlight class="normal"><sp/><sp/><sp/><sp/><sp/><sp/><sp/><sp/><sp/><sp/><sp/><sp/><sp/><sp/><sp/><sp/><sp/><sp/><sp/><sp/></highlight><highlight class="keywordflow">for</highlight><highlight class="normal"><sp/>(</highlight><highlight class="keywordtype">int</highlight><highlight class="normal"><sp/>i<sp/>=<sp/>0;<sp/>i<sp/>&lt;<sp/>3;<sp/>i++)<sp/>{</highlight></codeline>
<codeline lineno="54"><highlight class="normal"><sp/><sp/><sp/><sp/><sp/><sp/><sp/><sp/><sp/><sp/><sp/><sp/><sp/><sp/><sp/><sp/><sp/><sp/><sp/><sp/><sp/><sp/><sp/><sp/>fputc(</highlight><highlight class="charliteral">&apos;<sp/>&apos;</highlight><highlight class="normal">,<sp/>ficheiro);</highlight></codeline>
<codeline lineno="55"><highlight class="normal"><sp/><sp/><sp/><sp/><sp/><sp/><sp/><sp/><sp/><sp/><sp/><sp/><sp/><sp/><sp/><sp/><sp/><sp/><sp/><sp/>}</highlight></codeline>
<codeline lineno="56"><highlight class="normal"><sp/><sp/><sp/><sp/><sp/><sp/><sp/><sp/><sp/><sp/><sp/><sp/><sp/><sp/><sp/><sp/><sp/><sp/><sp/><sp/></highlight><highlight class="keywordflow">for</highlight><highlight class="normal"><sp/>(</highlight><highlight class="keywordtype">int</highlight><highlight class="normal"><sp/>j<sp/>=<sp/>0;<sp/>j<sp/>&lt;<sp/>8;<sp/>j++)<sp/>{</highlight></codeline>
<codeline lineno="57"><highlight class="normal"><sp/><sp/><sp/><sp/><sp/><sp/><sp/><sp/><sp/><sp/><sp/><sp/><sp/><sp/><sp/><sp/><sp/><sp/><sp/><sp/><sp/><sp/><sp/><sp/>fputc(</highlight><highlight class="charliteral">&apos;a&apos;</highlight><highlight class="normal"><sp/>+<sp/>j,<sp/>ficheiro);</highlight></codeline>
<codeline lineno="58"><highlight class="normal"><sp/><sp/><sp/><sp/><sp/><sp/><sp/><sp/><sp/><sp/><sp/><sp/><sp/><sp/><sp/><sp/><sp/><sp/><sp/><sp/><sp/><sp/><sp/><sp/>fputc(</highlight><highlight class="charliteral">&apos;<sp/>&apos;</highlight><highlight class="normal">,<sp/>ficheiro);</highlight></codeline>
<codeline lineno="59"><highlight class="normal"><sp/><sp/><sp/><sp/><sp/><sp/><sp/><sp/><sp/><sp/><sp/><sp/><sp/><sp/><sp/><sp/><sp/><sp/><sp/><sp/>}</highlight></codeline>
<codeline lineno="60"><highlight class="normal"><sp/><sp/><sp/><sp/><sp/><sp/><sp/><sp/><sp/><sp/><sp/><sp/><sp/><sp/><sp/><sp/>}</highlight></codeline>
<codeline lineno="61"><highlight class="normal"><sp/><sp/><sp/><sp/><sp/><sp/><sp/><sp/><sp/><sp/><sp/><sp/>}</highlight></codeline>
<codeline lineno="62"><highlight class="normal"></highlight></codeline>
<codeline lineno="63"><highlight class="normal"><sp/><sp/><sp/><sp/><sp/><sp/><sp/><sp/>}</highlight></codeline>
<codeline lineno="64"><highlight class="normal"><sp/><sp/><sp/><sp/>}</highlight></codeline>
<codeline lineno="65"><highlight class="normal">}</highlight></codeline>
<codeline lineno="66"><highlight class="normal"></highlight></codeline>
<codeline lineno="67"><highlight class="normal"></highlight></codeline>
<codeline lineno="68"><highlight class="normal"></highlight><highlight class="keywordtype">void</highlight><highlight class="normal"><sp/><ref refid="interface_8h_1a3d8df62a196f60a42b923004ecf03e12" kindref="member">mostrar_prompt</ref>(<ref refid="structESTADO" kindref="compound">ESTADO</ref><sp/>*e,<sp/>FILE<sp/>*ficheiro)<sp/>{</highlight></codeline>
<codeline lineno="69"><highlight class="normal"><sp/><sp/><sp/><sp/></highlight><highlight class="keywordtype">int</highlight><highlight class="normal"><sp/>jogador_atual,<sp/>num_jogadas;</highlight></codeline>
<codeline lineno="70"><highlight class="normal"></highlight></codeline>
<codeline lineno="71"><highlight class="normal"><sp/><sp/><sp/><sp/>jogador_atual<sp/>=<sp/><ref refid="modificaEstado_8h_1ad6e326e4ffa57ca1ae0c75377ecefc8c" kindref="member">obter_jogador_atual</ref>(e);</highlight></codeline>
<codeline lineno="72"><highlight class="normal"><sp/><sp/><sp/><sp/>num_jogadas<sp/>=<sp/><ref refid="modificaEstado_8h_1a6cd0b387bdee9e18003c78852394aa63" kindref="member">obter_numero_de_jogadas</ref>(e);</highlight></codeline>
<codeline lineno="73"><highlight class="normal"></highlight></codeline>
<codeline lineno="74"><highlight class="normal"><sp/><sp/><sp/><sp/><ref refid="interface_8h_1ae01b0ed404ed74367f2c3d279d94a32e" kindref="member">mostrar_tabuleiro</ref>(e,<sp/>ficheiro);</highlight></codeline>
<codeline lineno="75"><highlight class="normal"><sp/><sp/><sp/><sp/>fputc(</highlight><highlight class="charliteral">&apos;\n&apos;</highlight><highlight class="normal">,<sp/>ficheiro);</highlight></codeline>
<codeline lineno="76"><highlight class="normal"></highlight></codeline>
<codeline lineno="77"><highlight class="normal"><sp/><sp/><sp/><sp/>fprintf(ficheiro,<sp/></highlight><highlight class="stringliteral">&quot;#PL%d<sp/>(%d)<sp/>&gt;<sp/>&quot;</highlight><highlight class="normal">,<sp/>jogador_atual,<sp/>num_jogadas);</highlight></codeline>
<codeline lineno="78"><highlight class="normal"></highlight></codeline>
<codeline lineno="79"><highlight class="normal"><sp/><sp/><sp/><sp/></highlight><highlight class="comment">//fprintf(ficheiro,<sp/>&quot;#<sp/>%d<sp/>PL%d<sp/>(%d)<sp/>&gt;<sp/>&quot;,<sp/>soma,<sp/>e-&gt;jogador_atual,<sp/>e-&gt;num_jogadas);</highlight><highlight class="normal"></highlight></codeline>
<codeline lineno="80"><highlight class="normal">}</highlight></codeline>
<codeline lineno="81"><highlight class="normal"></highlight></codeline>
<codeline lineno="82"><highlight class="normal"></highlight><highlight class="keywordtype">void</highlight><highlight class="normal"><sp/><ref refid="interface_8h_1aa1347f8d8a0591b9b9744245d12cd519" kindref="member">mostrar_movimentos</ref><sp/>(<ref refid="structESTADO" kindref="compound">ESTADO</ref><sp/>*e,<sp/>FILE<sp/>*ficheiro){</highlight></codeline>
<codeline lineno="83"><highlight class="normal"></highlight></codeline>
<codeline lineno="84"><highlight class="normal"><sp/><sp/><sp/><sp/><ref refid="listaMovs_8h_1a47d05fb35d6f7bfa881cf7104a081b11" kindref="member">imprimeMovs</ref>(e,<sp/>ficheiro);</highlight></codeline>
<codeline lineno="85"><highlight class="normal"></highlight></codeline>
<codeline lineno="86"><highlight class="normal">}</highlight></codeline>
    </programlisting>
    <location file="Camada_de_interface/interface.c"/>
  </compounddef>
</doxygen>
