<?xml version='1.0' encoding='UTF-8' standalone='no'?>
<doxygen xmlns:xsi="http://www.w3.org/2001/XMLSchema-instance" xsi:noNamespaceSchemaLocation="compound.xsd" version="1.8.13">
  <compounddef id="Interpretador_8h" kind="file" language="C++">
    <compoundname>Interpretador.h</compoundname>
    <includes refid="estruturasDados_8h" local="yes">../Camadas_de_dados/estruturasDados.h</includes>
    <includedby refid="Interpretador_8c" local="yes">Camada_de_interface/Interpretador.c</includedby>
    <includedby refid="main_8c" local="yes">main.c</includedby>
    <incdepgraph>
      <node id="39">
        <label>Camada_de_interface/Interpretador.h</label>
        <link refid="Interpretador_8h"/>
        <childnode refid="40" relation="include">
        </childnode>
      </node>
      <node id="40">
        <label>../Camadas_de_dados/estruturasDados.h</label>
        <link refid="estruturasDados_8h"/>
      </node>
    </incdepgraph>
      <sectiondef kind="func">
      <memberdef kind="function" id="Interpretador_8h_1a24da95ebeede4a540e37790ce8be359b" prot="public" static="no" const="no" explicit="no" inline="no" virt="non-virtual">
        <type>int</type>
        <definition>int interpretador</definition>
        <argsstring>(ESTADO *e)</argsstring>
        <name>interpretador</name>
        <param>
          <type><ref refid="structESTADO" kindref="compound">ESTADO</ref> *</type>
          <declname>e</declname>
        </param>
        <briefdescription>
<para>Funcao que interpreta os comandos ao longo do jogo. </para>        </briefdescription>
        <detaileddescription>
<para><parameterlist kind="param"><parameteritem>
<parameternamelist>
<parametername>e</parametername>
</parameternamelist>
<parameterdescription>
<para>Apontador do estado </para></parameterdescription>
</parameteritem>
</parameterlist>
<simplesect kind="return"><para>0 quando quiserem sair do jogo, ou quando o jogo acabar </para></simplesect>
</para>        </detaileddescription>
        <inbodydescription>
        </inbodydescription>
        <location file="Camada_de_interface/Interpretador.h" line="18" column="1" bodyfile="Camada_de_interface/Interpretador.c" bodystart="21" bodyend="96"/>
      </memberdef>
      </sectiondef>
    <briefdescription>
    </briefdescription>
    <detaileddescription>
    </detaileddescription>
    <programlisting>
<codeline lineno="1"><highlight class="comment">//</highlight><highlight class="normal"></highlight></codeline>
<codeline lineno="2"><highlight class="normal"></highlight><highlight class="comment">//<sp/>Created<sp/>by<sp/>david<sp/>on<sp/>12/03/20.</highlight><highlight class="normal"></highlight></codeline>
<codeline lineno="3"><highlight class="normal"></highlight><highlight class="comment">//</highlight><highlight class="normal"></highlight></codeline>
<codeline lineno="4"><highlight class="normal"></highlight><highlight class="preprocessor">#include<sp/>&quot;../Camadas_de_dados/estruturasDados.h&quot;</highlight><highlight class="normal"></highlight></codeline>
<codeline lineno="5"><highlight class="normal"></highlight></codeline>
<codeline lineno="10"><highlight class="preprocessor">#ifndef<sp/>RASTROS_INTERPRETADOR_H</highlight><highlight class="normal"></highlight></codeline>
<codeline lineno="11"><highlight class="normal"></highlight><highlight class="preprocessor">#define<sp/>RASTROS_INTERPRETADOR_H</highlight><highlight class="normal"></highlight></codeline>
<codeline lineno="12"><highlight class="normal"></highlight></codeline>
<codeline lineno="18"><highlight class="keywordtype">int</highlight><highlight class="normal"><sp/>interpretador<sp/>(<ref refid="structESTADO" kindref="compound">ESTADO</ref><sp/>*e);</highlight></codeline>
<codeline lineno="19"><highlight class="normal"></highlight></codeline>
<codeline lineno="20"><highlight class="normal"></highlight><highlight class="preprocessor">#endif<sp/>//RASTROS_INTERPRETADOR_H</highlight></codeline>
    </programlisting>
    <location file="Camada_de_interface/Interpretador.h"/>
  </compounddef>
</doxygen>
