<?xml version='1.0' encoding='UTF-8' standalone='no'?>
<doxygen xmlns:xsi="http://www.w3.org/2001/XMLSchema-instance" xsi:noNamespaceSchemaLocation="compound.xsd" version="1.8.13">
  <compounddef id="listaMovs_8c" kind="file" language="C++">
    <compoundname>listaMovs.c</compoundname>
    <includes local="no">stdio.h</includes>
    <includes refid="listaMovs_8h" local="yes">listaMovs.h</includes>
    <includes refid="modificaEstado_8h" local="yes">modificaEstado.h</includes>
    <incdepgraph>
      <node id="96">
        <label>bits/types/FILE.h</label>
      </node>
      <node id="98">
        <label>modificaEstado.h</label>
        <link refid="modificaEstado_8h"/>
        <childnode refid="97" relation="include">
        </childnode>
      </node>
      <node id="97">
        <label>estruturasDados.h</label>
        <link refid="estruturasDados_8h"/>
      </node>
      <node id="93">
        <label>Camadas_de_dados/listaMovs.c</label>
        <link refid="listaMovs_8c"/>
        <childnode refid="94" relation="include">
        </childnode>
        <childnode refid="95" relation="include">
        </childnode>
        <childnode refid="98" relation="include">
        </childnode>
      </node>
      <node id="95">
        <label>listaMovs.h</label>
        <link refid="listaMovs_8h"/>
        <childnode refid="96" relation="include">
        </childnode>
        <childnode refid="97" relation="include">
        </childnode>
      </node>
      <node id="94">
        <label>stdio.h</label>
      </node>
    </incdepgraph>
      <sectiondef kind="func">
      <memberdef kind="function" id="listaMovs_8c_1a47d05fb35d6f7bfa881cf7104a081b11" prot="public" static="no" const="no" explicit="no" inline="no" virt="non-virtual">
        <type>void</type>
        <definition>void imprimeMovs</definition>
        <argsstring>(ESTADO *e, FILE *ficheiro)</argsstring>
        <name>imprimeMovs</name>
        <param>
          <type><ref refid="structESTADO" kindref="compound">ESTADO</ref> *</type>
          <declname>e</declname>
        </param>
        <param>
          <type>FILE *</type>
          <declname>ficheiro</declname>
        </param>
        <briefdescription>
<para>Definicao que vai ao estado e imprime a lista de movimentos. </para>        </briefdescription>
        <detaileddescription>
<para><parameterlist kind="param"><parameteritem>
<parameternamelist>
<parametername>e</parametername>
</parameternamelist>
<parameterdescription>
<para>Apontador do estado </para></parameterdescription>
</parameteritem>
<parameteritem>
<parameternamelist>
<parametername>ficheiro</parametername>
</parameternamelist>
<parameterdescription>
<para>Apontador do nome do ficheiro </para></parameterdescription>
</parameteritem>
</parameterlist>
</para>        </detaileddescription>
        <inbodydescription>
        </inbodydescription>
        <location file="Camadas_de_dados/listaMovs.c" line="10" column="1" bodyfile="Camadas_de_dados/listaMovs.c" bodystart="10" bodyend="42"/>
      </memberdef>
      </sectiondef>
    <briefdescription>
    </briefdescription>
    <detaileddescription>
    </detaileddescription>
    <programlisting>
<codeline lineno="1"><highlight class="comment">//</highlight><highlight class="normal"></highlight></codeline>
<codeline lineno="2"><highlight class="normal"></highlight><highlight class="comment">//<sp/>Created<sp/>by<sp/>david<sp/>on<sp/>29/03/20.</highlight><highlight class="normal"></highlight></codeline>
<codeline lineno="3"><highlight class="normal"></highlight><highlight class="comment">//</highlight><highlight class="normal"></highlight></codeline>
<codeline lineno="4"><highlight class="normal"></highlight></codeline>
<codeline lineno="5"><highlight class="normal"></highlight><highlight class="preprocessor">#include<sp/>&lt;stdio.h&gt;</highlight><highlight class="normal"></highlight></codeline>
<codeline lineno="6"><highlight class="normal"></highlight><highlight class="preprocessor">#include<sp/>&quot;<ref refid="listaMovs_8h" kindref="compound">listaMovs.h</ref>&quot;</highlight><highlight class="normal"></highlight></codeline>
<codeline lineno="7"><highlight class="normal"></highlight><highlight class="preprocessor">#include<sp/>&quot;<ref refid="modificaEstado_8h" kindref="compound">modificaEstado.h</ref>&quot;</highlight><highlight class="normal"></highlight></codeline>
<codeline lineno="8"><highlight class="normal"></highlight></codeline>
<codeline lineno="9"><highlight class="normal"></highlight></codeline>
<codeline lineno="10"><highlight class="normal"></highlight><highlight class="keywordtype">void</highlight><highlight class="normal"><sp/><ref refid="listaMovs_8h_1a47d05fb35d6f7bfa881cf7104a081b11" kindref="member">imprimeMovs</ref><sp/>(<ref refid="structESTADO" kindref="compound">ESTADO</ref><sp/>*e,<sp/>FILE<sp/>*ficheiro)<sp/>{</highlight></codeline>
<codeline lineno="11"><highlight class="normal"></highlight></codeline>
<codeline lineno="12"><highlight class="normal"><sp/><sp/><sp/><sp/></highlight><highlight class="keywordtype">int</highlight><highlight class="normal"><sp/>tamanhomovs,<sp/>i,<sp/>movimentoj1l,<sp/>movimentoj2l;</highlight></codeline>
<codeline lineno="13"><highlight class="normal"><sp/><sp/><sp/><sp/></highlight><highlight class="keywordtype">char</highlight><highlight class="normal"><sp/>movimentoj1c,<sp/>movimentoj2c;</highlight></codeline>
<codeline lineno="14"><highlight class="normal"></highlight></codeline>
<codeline lineno="15"><highlight class="normal"></highlight></codeline>
<codeline lineno="16"><highlight class="normal"><sp/><sp/><sp/><sp/>tamanhomovs<sp/>=<sp/>e<sp/>-&gt;<sp/>posicao_jogada<sp/>+<sp/>1;</highlight><highlight class="comment">//obter_numero_de_jogadas(e);</highlight><highlight class="normal"></highlight></codeline>
<codeline lineno="17"><highlight class="normal"></highlight></codeline>
<codeline lineno="18"><highlight class="normal"><sp/><sp/><sp/></highlight><highlight class="comment">//tamanhomovs<sp/>=<sp/>sizeof(movimentos)/<sp/>sizeof(movimentos[0]);</highlight><highlight class="normal"></highlight></codeline>
<codeline lineno="19"><highlight class="normal"></highlight></codeline>
<codeline lineno="20"><highlight class="normal"></highlight></codeline>
<codeline lineno="21"><highlight class="normal"><sp/><sp/><sp/><sp/></highlight><highlight class="keywordflow">for</highlight><highlight class="normal"><sp/>(i<sp/>=<sp/>0;<sp/>i<sp/>&lt;<sp/>tamanhomovs;<sp/>i++)<sp/>{</highlight></codeline>
<codeline lineno="22"><highlight class="normal"></highlight></codeline>
<codeline lineno="23"><highlight class="normal"><sp/><sp/><sp/><sp/><sp/><sp/><sp/><sp/></highlight><highlight class="keywordflow">if</highlight><highlight class="normal"><sp/>(e-&gt;jogadas[i].jogador2.coluna<sp/>!=<sp/>-1<sp/>&amp;&amp;<sp/>e-&gt;jogadas[i].jogador2.linha<sp/>!=<sp/>-1)<sp/>{</highlight></codeline>
<codeline lineno="24"><highlight class="normal"><sp/><sp/><sp/><sp/><sp/><sp/><sp/><sp/><sp/><sp/><sp/><sp/>movimentoj1c<sp/>=<sp/>e-&gt;jogadas[i].jogador1.coluna<sp/>+<sp/></highlight><highlight class="charliteral">&apos;a&apos;</highlight><highlight class="normal">;</highlight></codeline>
<codeline lineno="25"><highlight class="normal"><sp/><sp/><sp/><sp/><sp/><sp/><sp/><sp/><sp/><sp/><sp/><sp/>movimentoj1l<sp/>=<sp/>8<sp/>-<sp/>e-&gt;jogadas[i].jogador1.linha;</highlight></codeline>
<codeline lineno="26"><highlight class="normal"><sp/><sp/><sp/><sp/><sp/><sp/><sp/><sp/><sp/><sp/><sp/><sp/>movimentoj2c<sp/>=<sp/>e-&gt;jogadas[i].jogador2.coluna<sp/>+<sp/></highlight><highlight class="charliteral">&apos;a&apos;</highlight><highlight class="normal">;</highlight></codeline>
<codeline lineno="27"><highlight class="normal"><sp/><sp/><sp/><sp/><sp/><sp/><sp/><sp/><sp/><sp/><sp/><sp/>movimentoj2l<sp/>=<sp/>8<sp/>-<sp/>e-&gt;jogadas[i].jogador2.linha;</highlight></codeline>
<codeline lineno="28"><highlight class="normal"></highlight></codeline>
<codeline lineno="29"><highlight class="normal"><sp/><sp/><sp/><sp/><sp/><sp/><sp/><sp/><sp/><sp/><sp/><sp/>fprintf(ficheiro,<sp/></highlight><highlight class="stringliteral">&quot;0%d:<sp/>%c%d<sp/>%c%d&quot;</highlight><highlight class="normal">,<sp/>i<sp/>+<sp/>1,<sp/>movimentoj1c,<sp/>movimentoj1l,<sp/>movimentoj2c,<sp/>movimentoj2l);</highlight></codeline>
<codeline lineno="30"><highlight class="normal"><sp/><sp/><sp/><sp/><sp/><sp/><sp/><sp/>}<sp/></highlight><highlight class="keywordflow">else</highlight><highlight class="normal"><sp/>{</highlight></codeline>
<codeline lineno="31"><highlight class="normal"><sp/><sp/><sp/><sp/><sp/><sp/><sp/><sp/><sp/><sp/><sp/><sp/>movimentoj1c<sp/>=<sp/>e-&gt;jogadas[i].jogador1.coluna<sp/>+<sp/></highlight><highlight class="charliteral">&apos;a&apos;</highlight><highlight class="normal">;</highlight></codeline>
<codeline lineno="32"><highlight class="normal"><sp/><sp/><sp/><sp/><sp/><sp/><sp/><sp/><sp/><sp/><sp/><sp/>movimentoj1l<sp/>=<sp/>8<sp/>-<sp/>e-&gt;jogadas[i].jogador1.linha;</highlight></codeline>
<codeline lineno="33"><highlight class="normal"><sp/><sp/><sp/><sp/><sp/><sp/><sp/><sp/><sp/><sp/><sp/><sp/>fprintf(ficheiro,<sp/></highlight><highlight class="stringliteral">&quot;0%d:<sp/>%c%d&quot;</highlight><highlight class="normal">,<sp/>i<sp/>+<sp/>1,<sp/>movimentoj1c,<sp/>movimentoj1l);</highlight></codeline>
<codeline lineno="34"><highlight class="normal"></highlight></codeline>
<codeline lineno="35"><highlight class="normal"><sp/><sp/><sp/><sp/><sp/><sp/><sp/><sp/>}</highlight></codeline>
<codeline lineno="36"><highlight class="normal"></highlight></codeline>
<codeline lineno="37"><highlight class="normal"></highlight></codeline>
<codeline lineno="38"><highlight class="normal"><sp/><sp/><sp/><sp/></highlight><highlight class="comment">//completar<sp/>a<sp/>impressao<sp/>da<sp/>lista<sp/>de<sp/>movimentos<sp/>que<sp/>se<sp/>encontra<sp/>no<sp/>array<sp/>jogadas</highlight><highlight class="normal"></highlight></codeline>
<codeline lineno="39"><highlight class="normal"><sp/><sp/><sp/><sp/><sp/><sp/><sp/><sp/>fprintf(ficheiro,<sp/></highlight><highlight class="stringliteral">&quot;\n&quot;</highlight><highlight class="normal">);</highlight></codeline>
<codeline lineno="40"><highlight class="normal"><sp/><sp/><sp/><sp/>}</highlight></codeline>
<codeline lineno="41"><highlight class="normal"></highlight></codeline>
<codeline lineno="42"><highlight class="normal">}</highlight></codeline>
    </programlisting>
    <location file="Camadas_de_dados/listaMovs.c"/>
  </compounddef>
</doxygen>
