<?xml version='1.0' encoding='UTF-8' standalone='no'?>
<doxygen xmlns:xsi="http://www.w3.org/2001/XMLSchema-instance" xsi:noNamespaceSchemaLocation="compound.xsd" version="1.8.13">
  <compounddef id="main_8c" kind="file" language="C++">
    <compoundname>main.c</compoundname>
    <includes local="no">stdio.h</includes>
    <includes local="no">stdlib.h</includes>
    <includes local="no">string.h</includes>
    <includes refid="estruturasDados_8h" local="yes">Camadas_de_dados/estruturasDados.h</includes>
    <includes refid="modificaEstado_8h" local="yes">Camadas_de_dados/modificaEstado.h</includes>
    <includes refid="Interpretador_8h" local="yes">Camada_de_interface/Interpretador.h</includes>
    <includes refid="jogar_8h" local="yes">Logica_do_programa/jogar.h</includes>
    <includes refid="interface_8h" local="yes">Camada_de_interface/interface.h</includes>
    <incdepgraph>
      <node id="190">
        <label>Logica_do_programa/jogar.h</label>
        <link refid="jogar_8h"/>
        <childnode refid="191" relation="include">
        </childnode>
        <childnode refid="187" relation="include">
        </childnode>
      </node>
      <node id="191">
        <label>bits/types/FILE.h</label>
      </node>
      <node id="185">
        <label>stdlib.h</label>
      </node>
      <node id="192">
        <label>Camada_de_interface/interface.h</label>
        <link refid="interface_8h"/>
        <childnode refid="191" relation="include">
        </childnode>
        <childnode refid="187" relation="include">
        </childnode>
      </node>
      <node id="188">
        <label>Camadas_de_dados/modificaEstado.h</label>
        <link refid="modificaEstado_8h"/>
        <childnode refid="187" relation="include">
        </childnode>
      </node>
      <node id="186">
        <label>string.h</label>
      </node>
      <node id="183">
        <label>main.c</label>
        <link refid="main_8c"/>
        <childnode refid="184" relation="include">
        </childnode>
        <childnode refid="185" relation="include">
        </childnode>
        <childnode refid="186" relation="include">
        </childnode>
        <childnode refid="187" relation="include">
        </childnode>
        <childnode refid="188" relation="include">
        </childnode>
        <childnode refid="189" relation="include">
        </childnode>
        <childnode refid="190" relation="include">
        </childnode>
        <childnode refid="192" relation="include">
        </childnode>
      </node>
      <node id="189">
        <label>Camada_de_interface/Interpretador.h</label>
        <link refid="Interpretador_8h_source"/>
        <childnode refid="187" relation="include">
        </childnode>
      </node>
      <node id="187">
        <label>Camadas_de_dados/estruturasDados.h</label>
        <link refid="estruturasDados_8h"/>
      </node>
      <node id="184">
        <label>stdio.h</label>
      </node>
    </incdepgraph>
      <sectiondef kind="func">
      <memberdef kind="function" id="main_8c_1ae66f6b31b5ad750f1fe042a706a4e3d4" prot="public" static="no" const="no" explicit="no" inline="no" virt="non-virtual">
        <type>int</type>
        <definition>int main</definition>
        <argsstring>()</argsstring>
        <name>main</name>
        <briefdescription>
        </briefdescription>
        <detaileddescription>
        </detaileddescription>
        <inbodydescription>
        </inbodydescription>
        <location file="main.c" line="10" column="1" bodyfile="main.c" bodystart="10" bodyend="18"/>
      </memberdef>
      </sectiondef>
    <briefdescription>
    </briefdescription>
    <detaileddescription>
    </detaileddescription>
    <programlisting>
<codeline lineno="1"><highlight class="preprocessor">#include<sp/>&lt;stdio.h&gt;</highlight><highlight class="normal"></highlight></codeline>
<codeline lineno="2"><highlight class="normal"></highlight><highlight class="preprocessor">#include<sp/>&lt;stdlib.h&gt;</highlight><highlight class="normal"></highlight></codeline>
<codeline lineno="3"><highlight class="normal"></highlight><highlight class="preprocessor">#include<sp/>&lt;string.h&gt;</highlight><highlight class="normal"></highlight></codeline>
<codeline lineno="4"><highlight class="normal"></highlight><highlight class="preprocessor">#include<sp/>&quot;<ref refid="estruturasDados_8h" kindref="compound">Camadas_de_dados/estruturasDados.h</ref>&quot;</highlight><highlight class="normal"></highlight></codeline>
<codeline lineno="5"><highlight class="normal"></highlight><highlight class="preprocessor">#include<sp/>&quot;<ref refid="modificaEstado_8h" kindref="compound">Camadas_de_dados/modificaEstado.h</ref>&quot;</highlight><highlight class="normal"></highlight></codeline>
<codeline lineno="6"><highlight class="normal"></highlight><highlight class="preprocessor">#include<sp/>&quot;Camada_de_interface/Interpretador.h&quot;</highlight><highlight class="normal"></highlight></codeline>
<codeline lineno="7"><highlight class="normal"></highlight><highlight class="preprocessor">#include<sp/>&quot;<ref refid="jogar_8h" kindref="compound">Logica_do_programa/jogar.h</ref>&quot;</highlight><highlight class="normal"></highlight></codeline>
<codeline lineno="8"><highlight class="normal"></highlight><highlight class="preprocessor">#include<sp/>&quot;<ref refid="interface_8h" kindref="compound">Camada_de_interface/interface.h</ref>&quot;</highlight><highlight class="normal"></highlight></codeline>
<codeline lineno="9"><highlight class="normal"></highlight></codeline>
<codeline lineno="10"><highlight class="normal"></highlight><highlight class="keywordtype">int</highlight><highlight class="normal"><sp/>main()<sp/>{</highlight></codeline>
<codeline lineno="11"><highlight class="normal"></highlight></codeline>
<codeline lineno="12"><highlight class="normal"><sp/><sp/><sp/><sp/><ref refid="structESTADO" kindref="compound">ESTADO</ref><sp/>*e<sp/>=<sp/><ref refid="modificaEstado_8h_1a7e0c7e26fb685d9ab501e19b05e6954f" kindref="member">inicializar_estado</ref>();</highlight></codeline>
<codeline lineno="13"><highlight class="normal"></highlight></codeline>
<codeline lineno="14"><highlight class="normal"><sp/><sp/><sp/><sp/>interpretador(e);</highlight></codeline>
<codeline lineno="15"><highlight class="normal"></highlight></codeline>
<codeline lineno="16"><highlight class="normal"><sp/><sp/><sp/><sp/></highlight><highlight class="keywordflow">return</highlight><highlight class="normal"><sp/>0;</highlight></codeline>
<codeline lineno="17"><highlight class="normal"></highlight></codeline>
<codeline lineno="18"><highlight class="normal">}</highlight></codeline>
    </programlisting>
    <location file="main.c"/>
  </compounddef>
</doxygen>
