<?xml version='1.0' encoding='UTF-8' standalone='no'?>
<doxygen xmlns:xsi="http://www.w3.org/2001/XMLSchema-instance" xsi:noNamespaceSchemaLocation="compound.xsd" version="1.8.13">
  <compounddef id="modificaListas_8h" kind="file" language="C++">
    <compoundname>modificaListas.h</compoundname>
    <includes refid="dadosListas_8h" local="yes">dadosListas.h</includes>
    <includes refid="estruturasDados_8h" local="yes">../Camadas_de_dados/estruturasDados.h</includes>
    <includedby refid="escolheJogada_8c" local="yes">Listas_ligadas/escolheJogada.c</includedby>
    <includedby refid="modificaListas_8c" local="yes">Listas_ligadas/modificaListas.c</includedby>
    <incdepgraph>
      <node id="164">
        <label>dadosListas.h</label>
        <link refid="dadosListas_8h"/>
        <childnode refid="165" relation="include">
        </childnode>
      </node>
      <node id="163">
        <label>Listas_ligadas/modificaListas.h</label>
        <link refid="modificaListas_8h"/>
        <childnode refid="164" relation="include">
        </childnode>
        <childnode refid="165" relation="include">
        </childnode>
      </node>
      <node id="165">
        <label>../Camadas_de_dados/estruturasDados.h</label>
        <link refid="estruturasDados_8h"/>
      </node>
    </incdepgraph>
      <sectiondef kind="func">
      <memberdef kind="function" id="modificaListas_8h_1ae3b99323b6f8f35d80bb69ff1a27985e" prot="public" static="no" const="no" explicit="no" inline="no" virt="non-virtual">
        <type><ref refid="structnodo" kindref="compound">LISTA</ref></type>
        <definition>LISTA criar_lista</definition>
        <argsstring>()</argsstring>
        <name>criar_lista</name>
        <briefdescription>
<para>Definicao da funcao que cria uma lista ligada vazia. </para>        </briefdescription>
        <detaileddescription>
<para><simplesect kind="return"><para></para></simplesect>
</para>        </detaileddescription>
        <inbodydescription>
        </inbodydescription>
        <location file="Listas_ligadas/modificaListas.h" line="21" column="1" bodyfile="Listas_ligadas/modificaListas.c" bodystart="12" bodyend="16"/>
      </memberdef>
      <memberdef kind="function" id="modificaListas_8h_1a37ba5fc3cfddb6bc94d4b54b00bc696e" prot="public" static="no" const="no" explicit="no" inline="no" virt="non-virtual">
        <type><ref refid="structnodo" kindref="compound">LISTA</ref></type>
        <definition>LISTA insere_cabeca</definition>
        <argsstring>(LISTA L, void *valor)</argsstring>
        <name>insere_cabeca</name>
        <param>
          <type><ref refid="structnodo" kindref="compound">LISTA</ref></type>
          <declname>L</declname>
        </param>
        <param>
          <type>void *</type>
          <declname>valor</declname>
        </param>
        <briefdescription>
<para>Definicao da funcao que insere um valor na cabeca de uma lista ligada. </para>        </briefdescription>
        <detaileddescription>
<para><parameterlist kind="param"><parameteritem>
<parameternamelist>
<parametername>L</parametername>
</parameternamelist>
<parameterdescription>
<para>Apontador da lista ligada </para></parameterdescription>
</parameteritem>
<parameteritem>
<parameternamelist>
<parametername>valor</parametername>
</parameternamelist>
<parameterdescription>
<para>O valor a adicionar na cabeca </para></parameterdescription>
</parameteritem>
</parameterlist>
<simplesect kind="return"><para>da lista ligada com o valor na cabeca </para></simplesect>
</para>        </detaileddescription>
        <inbodydescription>
        </inbodydescription>
        <location file="Listas_ligadas/modificaListas.h" line="30" column="1" bodyfile="Listas_ligadas/modificaListas.c" bodystart="19" bodyend="28"/>
      </memberdef>
      <memberdef kind="function" id="modificaListas_8h_1af2a6ad09dc63f02443c3bccc3218f87b" prot="public" static="no" const="no" explicit="no" inline="no" virt="non-virtual">
        <type><ref refid="structCOORDENADA" kindref="compound">COORDENADA</ref> *</type>
        <definition>COORDENADA* devolve_cabeca</definition>
        <argsstring>(LISTA L)</argsstring>
        <name>devolve_cabeca</name>
        <param>
          <type><ref refid="structnodo" kindref="compound">LISTA</ref></type>
          <declname>L</declname>
        </param>
        <briefdescription>
<para>Definicao da funcao que devolve a cabeca da lista ligada. </para>        </briefdescription>
        <detaileddescription>
<para><parameterlist kind="param"><parameteritem>
<parameternamelist>
<parametername>L</parametername>
</parameternamelist>
<parameterdescription>
<para>Apontador da lista ligada </para></parameterdescription>
</parameteritem>
</parameterlist>
<simplesect kind="return"><para>A cabeca da lista ligada </para></simplesect>
</para>        </detaileddescription>
        <inbodydescription>
        </inbodydescription>
        <location file="Listas_ligadas/modificaListas.h" line="38" column="1" bodyfile="Listas_ligadas/modificaListas.c" bodystart="31" bodyend="35"/>
      </memberdef>
      <memberdef kind="function" id="modificaListas_8h_1ad9380152361127432c55c1c6067e05ae" prot="public" static="no" const="no" explicit="no" inline="no" virt="non-virtual">
        <type><ref refid="structnodo" kindref="compound">LISTA</ref></type>
        <definition>LISTA proximo</definition>
        <argsstring>(LISTA L)</argsstring>
        <name>proximo</name>
        <param>
          <type><ref refid="structnodo" kindref="compound">LISTA</ref></type>
          <declname>L</declname>
        </param>
        <briefdescription>
<para>Defionicao da fucnao que devolve a cauda da lista ligada. </para>        </briefdescription>
        <detaileddescription>
<para><parameterlist kind="param"><parameteritem>
<parameternamelist>
<parametername>L</parametername>
</parameternamelist>
<parameterdescription>
<para>Apontador da lista ligada </para></parameterdescription>
</parameteritem>
</parameterlist>
<simplesect kind="return"><para>A cauda da lista ligada </para></simplesect>
</para>        </detaileddescription>
        <inbodydescription>
        </inbodydescription>
        <location file="Listas_ligadas/modificaListas.h" line="46" column="1" bodyfile="Listas_ligadas/modificaListas.c" bodystart="38" bodyend="42"/>
      </memberdef>
      <memberdef kind="function" id="modificaListas_8h_1a9026a681a68322b5ec7f07137b864cbd" prot="public" static="no" const="no" explicit="no" inline="no" virt="non-virtual">
        <type><ref refid="structnodo" kindref="compound">LISTA</ref></type>
        <definition>LISTA remove_cabeca</definition>
        <argsstring>(LISTA L)</argsstring>
        <name>remove_cabeca</name>
        <param>
          <type><ref refid="structnodo" kindref="compound">LISTA</ref></type>
          <declname>L</declname>
        </param>
        <briefdescription>
<para>Definicao da funcao que remove a cabeda da lista ligada libertando assim o espaco ocupado pela mesma e devolve a cauda. </para>        </briefdescription>
        <detaileddescription>
<para><parameterlist kind="param"><parameteritem>
<parameternamelist>
<parametername>L</parametername>
</parameternamelist>
<parameterdescription>
<para>Apontador da lista ligada </para></parameterdescription>
</parameteritem>
</parameterlist>
<simplesect kind="return"><para>A lista ligada sem a cabeca </para></simplesect>
</para>        </detaileddescription>
        <inbodydescription>
        </inbodydescription>
        <location file="Listas_ligadas/modificaListas.h" line="54" column="1" bodyfile="Listas_ligadas/modificaListas.c" bodystart="45" bodyend="51"/>
      </memberdef>
      <memberdef kind="function" id="modificaListas_8h_1a4c10928f7acaa4e3de3760cea0dfd9c0" prot="public" static="no" const="no" explicit="no" inline="no" virt="non-virtual">
        <type>int</type>
        <definition>int lista_esta_vazia</definition>
        <argsstring>(LISTA L)</argsstring>
        <name>lista_esta_vazia</name>
        <param>
          <type><ref refid="structnodo" kindref="compound">LISTA</ref></type>
          <declname>L</declname>
        </param>
        <briefdescription>
<para>Definicao da funcao que verifica de uma lista ligada esta vazia. </para>        </briefdescription>
        <detaileddescription>
<para><parameterlist kind="param"><parameteritem>
<parameternamelist>
<parametername>L</parametername>
</parameternamelist>
<parameterdescription>
<para>Apontador da lista ligada </para></parameterdescription>
</parameteritem>
</parameterlist>
<simplesect kind="return"><para>Devolve 1 caso seja fazia e 0 caso contrario </para></simplesect>
</para>        </detaileddescription>
        <inbodydescription>
        </inbodydescription>
        <location file="Listas_ligadas/modificaListas.h" line="62" column="1" bodyfile="Listas_ligadas/modificaListas.c" bodystart="54" bodyend="58"/>
      </memberdef>
      <memberdef kind="function" id="modificaListas_8h_1a4d91cd788eb8b5c5f08b2c7dd49b8b99" prot="public" static="no" const="no" explicit="no" inline="no" virt="non-virtual">
        <type><ref refid="structnodo" kindref="compound">LISTA</ref></type>
        <definition>LISTA posicoes_possiveis</definition>
        <argsstring>(ESTADO *e)</argsstring>
        <name>posicoes_possiveis</name>
        <param>
          <type><ref refid="structESTADO" kindref="compound">ESTADO</ref> *</type>
          <declname>e</declname>
        </param>
        <briefdescription>
<para>Definicao da funcao que percorre as casas vizinhas e disponiveis a casa atual da peca branca e as guarda numa lista ligada. </para>        </briefdescription>
        <detaileddescription>
<para><parameterlist kind="param"><parameteritem>
<parameternamelist>
<parametername>e</parametername>
</parameternamelist>
<parameterdescription>
<para>Apontador do estado </para></parameterdescription>
</parameteritem>
</parameterlist>
<simplesect kind="return"><para>A lista com as posicoes possiveis a serem jogadas </para></simplesect>
</para>        </detaileddescription>
        <inbodydescription>
        </inbodydescription>
        <location file="Listas_ligadas/modificaListas.h" line="69" column="1" bodyfile="Listas_ligadas/modificaListas.c" bodystart="60" bodyend="84"/>
      </memberdef>
      <memberdef kind="function" id="modificaListas_8h_1af2277e27a369b2b2cf9a667ce398547d" prot="public" static="no" const="no" explicit="no" inline="no" virt="non-virtual">
        <type><ref refid="structCOORDENADA" kindref="compound">COORDENADA</ref> *</type>
        <definition>COORDENADA* menor</definition>
        <argsstring>(LISTA L, ESTADO *e)</argsstring>
        <name>menor</name>
        <param>
          <type><ref refid="structnodo" kindref="compound">LISTA</ref></type>
          <declname>L</declname>
        </param>
        <param>
          <type><ref refid="structESTADO" kindref="compound">ESTADO</ref> *</type>
          <declname>e</declname>
        </param>
        <briefdescription>
<para>Definicao da funcao que percorre uma lista ligada com as posicoes possiveis a serem jogadas e escolhe a posicao com a menor distancia a casa necessaria para o jogador atual ganhar. </para>        </briefdescription>
        <detaileddescription>
<para><parameterlist kind="param"><parameteritem>
<parameternamelist>
<parametername>L</parametername>
</parameternamelist>
<parameterdescription>
<para>A lista ligada com as posicoes possiveis </para></parameterdescription>
</parameteritem>
<parameteritem>
<parameternamelist>
<parametername>e</parametername>
</parameternamelist>
<parameterdescription>
<para>Apontador do estado </para></parameterdescription>
</parameteritem>
</parameterlist>
<simplesect kind="return"><para>A coordenada da casa mais proxima a casa necessaria para o jogador atual vencer </para></simplesect>
</para>        </detaileddescription>
        <inbodydescription>
        </inbodydescription>
        <location file="Listas_ligadas/modificaListas.h" line="77" column="1" bodyfile="Listas_ligadas/modificaListas.c" bodystart="89" bodyend="116"/>
      </memberdef>
      </sectiondef>
    <briefdescription>
    </briefdescription>
    <detaileddescription>
<para>Definicao das funcoes que modificam as listas ligadas </para>    </detaileddescription>
    <programlisting>
<codeline lineno="1"><highlight class="comment">//</highlight><highlight class="normal"></highlight></codeline>
<codeline lineno="2"><highlight class="normal"></highlight><highlight class="comment">//<sp/>Created<sp/>by<sp/>david<sp/>on<sp/>15/04/20.</highlight><highlight class="normal"></highlight></codeline>
<codeline lineno="3"><highlight class="normal"></highlight><highlight class="comment">//</highlight><highlight class="normal"></highlight></codeline>
<codeline lineno="4"><highlight class="normal"></highlight></codeline>
<codeline lineno="10"><highlight class="preprocessor">#ifndef<sp/>RASTROS_MODIFICALISTAS_H</highlight><highlight class="normal"></highlight></codeline>
<codeline lineno="11"><highlight class="normal"></highlight><highlight class="preprocessor">#define<sp/>RASTROS_MODIFICALISTAS_H</highlight><highlight class="normal"></highlight></codeline>
<codeline lineno="12"><highlight class="normal"></highlight></codeline>
<codeline lineno="13"><highlight class="normal"></highlight><highlight class="preprocessor">#include<sp/>&quot;<ref refid="dadosListas_8h" kindref="compound">dadosListas.h</ref>&quot;</highlight><highlight class="normal"></highlight></codeline>
<codeline lineno="14"><highlight class="normal"></highlight><highlight class="preprocessor">#include<sp/>&quot;../Camadas_de_dados/estruturasDados.h&quot;</highlight><highlight class="normal"></highlight></codeline>
<codeline lineno="15"><highlight class="normal"></highlight></codeline>
<codeline lineno="16"><highlight class="normal"></highlight><highlight class="comment">//<sp/>Cria<sp/>uma<sp/>lista<sp/>vazia</highlight></codeline>
<codeline lineno="21"><highlight class="comment"></highlight><highlight class="normal"><ref refid="structnodo" kindref="compound">LISTA</ref><sp/><ref refid="modificaListas_8h_1ae3b99323b6f8f35d80bb69ff1a27985e" kindref="member">criar_lista</ref>();</highlight></codeline>
<codeline lineno="22"><highlight class="normal"></highlight></codeline>
<codeline lineno="23"><highlight class="normal"></highlight><highlight class="comment">//<sp/>Insere<sp/>um<sp/>valor<sp/>na<sp/>cabeça<sp/>da<sp/>lista</highlight></codeline>
<codeline lineno="30"><highlight class="comment"></highlight><highlight class="normal"><ref refid="structnodo" kindref="compound">LISTA</ref><sp/><ref refid="modificaListas_8h_1a37ba5fc3cfddb6bc94d4b54b00bc696e" kindref="member">insere_cabeca</ref>(<ref refid="structnodo" kindref="compound">LISTA</ref><sp/>L,<sp/></highlight><highlight class="keywordtype">void</highlight><highlight class="normal"><sp/>*valor);</highlight></codeline>
<codeline lineno="31"><highlight class="normal"></highlight></codeline>
<codeline lineno="32"><highlight class="normal"></highlight><highlight class="comment">//<sp/>Devolve<sp/>a<sp/>cabeça<sp/>da<sp/>lista</highlight></codeline>
<codeline lineno="38"><highlight class="comment"></highlight><highlight class="normal"><ref refid="structCOORDENADA" kindref="compound">COORDENADA</ref><sp/>*<ref refid="modificaListas_8h_1af2a6ad09dc63f02443c3bccc3218f87b" kindref="member">devolve_cabeca</ref>(<ref refid="structnodo" kindref="compound">LISTA</ref><sp/>L);</highlight></codeline>
<codeline lineno="39"><highlight class="normal"></highlight></codeline>
<codeline lineno="40"><highlight class="normal"></highlight><highlight class="comment">//<sp/>Devolve<sp/>a<sp/>cauda<sp/>da<sp/>lista</highlight></codeline>
<codeline lineno="46"><highlight class="comment"></highlight><highlight class="normal"><ref refid="structnodo" kindref="compound">LISTA</ref><sp/><ref refid="modificaListas_8h_1ad9380152361127432c55c1c6067e05ae" kindref="member">proximo</ref>(<ref refid="structnodo" kindref="compound">LISTA</ref><sp/>L);</highlight></codeline>
<codeline lineno="47"><highlight class="normal"></highlight></codeline>
<codeline lineno="48"><highlight class="normal"></highlight><highlight class="comment">//<sp/>Remove<sp/>a<sp/>cabeça<sp/>da<sp/>lista<sp/>(libertando<sp/>o<sp/>espaço<sp/>ocupado)<sp/>e<sp/>devolve<sp/>a<sp/>cauda</highlight></codeline>
<codeline lineno="54"><highlight class="comment"></highlight><highlight class="normal"><ref refid="structnodo" kindref="compound">LISTA</ref><sp/><ref refid="modificaListas_8h_1a9026a681a68322b5ec7f07137b864cbd" kindref="member">remove_cabeca</ref>(<ref refid="structnodo" kindref="compound">LISTA</ref><sp/>L);</highlight></codeline>
<codeline lineno="55"><highlight class="normal"></highlight></codeline>
<codeline lineno="56"><highlight class="normal"></highlight><highlight class="comment">//<sp/>Devolve<sp/>verdareiro<sp/>se<sp/>a<sp/>lista<sp/>é<sp/>vazia</highlight></codeline>
<codeline lineno="62"><highlight class="comment"></highlight><highlight class="keywordtype">int</highlight><highlight class="normal"><sp/><ref refid="modificaListas_8h_1a4c10928f7acaa4e3de3760cea0dfd9c0" kindref="member">lista_esta_vazia</ref>(<ref refid="structnodo" kindref="compound">LISTA</ref><sp/>L);</highlight></codeline>
<codeline lineno="63"><highlight class="normal"></highlight></codeline>
<codeline lineno="69"><highlight class="normal"><ref refid="structnodo" kindref="compound">LISTA</ref><sp/><ref refid="modificaListas_8h_1a4d91cd788eb8b5c5f08b2c7dd49b8b99" kindref="member">posicoes_possiveis</ref><sp/>(<ref refid="structESTADO" kindref="compound">ESTADO</ref><sp/>*e);</highlight></codeline>
<codeline lineno="70"><highlight class="normal"></highlight></codeline>
<codeline lineno="77"><highlight class="normal"><ref refid="structCOORDENADA" kindref="compound">COORDENADA</ref><sp/>*<ref refid="modificaListas_8h_1af2277e27a369b2b2cf9a667ce398547d" kindref="member">menor</ref><sp/>(<ref refid="structnodo" kindref="compound">LISTA</ref><sp/>L<sp/>,<sp/><ref refid="structESTADO" kindref="compound">ESTADO</ref><sp/>*e);</highlight></codeline>
<codeline lineno="78"><highlight class="normal"></highlight></codeline>
<codeline lineno="79"><highlight class="normal"></highlight></codeline>
<codeline lineno="80"><highlight class="normal"></highlight><highlight class="preprocessor">#endif<sp/>//RASTROS_MODIFICALISTAS_H</highlight></codeline>
    </programlisting>
    <location file="Listas_ligadas/modificaListas.h"/>
  </compounddef>
</doxygen>
