<?xml version='1.0' encoding='UTF-8' standalone='no'?>
<doxygen xmlns:xsi="http://www.w3.org/2001/XMLSchema-instance" xsi:noNamespaceSchemaLocation="compound.xsd" version="1.8.13">
  <compounddef id="modificaEstado_8h" kind="file" language="C++">
    <compoundname>modificaEstado.h</compoundname>
    <includes refid="estruturasDados_8h" local="yes">estruturasDados.h</includes>
    <includedby refid="interface_8c" local="yes">Camada_de_interface/interface.c</includedby>
    <includedby refid="buscaPosicao_8c" local="yes">Camadas_de_dados/buscaPosicao.c</includedby>
    <includedby refid="lerEstado_8c" local="yes">Camadas_de_dados/lerEstado.c</includedby>
    <includedby refid="listaMovs_8c" local="yes">Camadas_de_dados/listaMovs.c</includedby>
    <includedby refid="modificaEstado_8c" local="yes">Camadas_de_dados/modificaEstado.c</includedby>
    <includedby refid="VerificaJogada_8c" local="yes">Camadas_de_dados/VerificaJogada.c</includedby>
    <includedby refid="modificaListas_8c" local="yes">Listas_ligadas/modificaListas.c</includedby>
    <includedby refid="jogar_8c" local="yes">Logica_do_programa/jogar.c</includedby>
    <includedby refid="main_8c" local="yes">main.c</includedby>
    <incdepgraph>
      <node id="111">
        <label>Camadas_de_dados/modificaEstado.h</label>
        <link refid="modificaEstado_8h"/>
        <childnode refid="112" relation="include">
        </childnode>
      </node>
      <node id="112">
        <label>estruturasDados.h</label>
        <link refid="estruturasDados_8h"/>
      </node>
    </incdepgraph>
      <sectiondef kind="func">
      <memberdef kind="function" id="modificaEstado_8h_1a7e0c7e26fb685d9ab501e19b05e6954f" prot="public" static="no" const="no" explicit="no" inline="no" virt="non-virtual">
        <type><ref refid="structESTADO" kindref="compound">ESTADO</ref> *</type>
        <definition>ESTADO* inicializar_estado</definition>
        <argsstring>()</argsstring>
        <name>inicializar_estado</name>
        <briefdescription>
<para>Funcao que inicializa o estado do jogo. </para>        </briefdescription>
        <detaileddescription>
<para><simplesect kind="return"><para>O estado inicializado </para></simplesect>
</para>        </detaileddescription>
        <inbodydescription>
        </inbodydescription>
        <location file="Camadas_de_dados/modificaEstado.h" line="16" column="1" bodyfile="Camadas_de_dados/modificaEstado.c" bodystart="13" bodyend="31"/>
      </memberdef>
      <memberdef kind="function" id="modificaEstado_8h_1a1c0a78bd9cea38120e85e7385e2c079a" prot="public" static="no" const="no" explicit="no" inline="no" virt="non-virtual">
        <type>void</type>
        <definition>void inicializar_tab</definition>
        <argsstring>(ESTADO *e)</argsstring>
        <name>inicializar_tab</name>
        <param>
          <type><ref refid="structESTADO" kindref="compound">ESTADO</ref> *</type>
          <declname>e</declname>
        </param>
        <briefdescription>
<para>Funcao que inicializa o tabuleiro. </para>        </briefdescription>
        <detaileddescription>
<para><parameterlist kind="param"><parameteritem>
<parameternamelist>
<parametername>e</parametername>
</parameternamelist>
<parameterdescription>
<para>Apontador do estado </para></parameterdescription>
</parameteritem>
</parameterlist>
<simplesect kind="return"><para>Estado com o tabuleiro inicializado </para></simplesect>
</para>        </detaileddescription>
        <inbodydescription>
        </inbodydescription>
        <location file="Camadas_de_dados/modificaEstado.h" line="23" column="1" bodyfile="Camadas_de_dados/modificaEstado.c" bodystart="33" bodyend="46"/>
      </memberdef>
      <memberdef kind="function" id="modificaEstado_8h_1ae0f58991f028e691d967767f430af929" prot="public" static="no" const="no" explicit="no" inline="no" virt="non-virtual">
        <type>void</type>
        <definition>void inicializar_ultima_jogada</definition>
        <argsstring>(ESTADO *e)</argsstring>
        <name>inicializar_ultima_jogada</name>
        <param>
          <type><ref refid="structESTADO" kindref="compound">ESTADO</ref> *</type>
          <declname>e</declname>
        </param>
        <briefdescription>
<para>Funcao que inicializa a ultima jogada feita antes do jogo comecar. </para>        </briefdescription>
        <detaileddescription>
<para><parameterlist kind="param"><parameteritem>
<parameternamelist>
<parametername>e</parametername>
</parameternamelist>
<parameterdescription>
<para>Apontador do estado </para></parameterdescription>
</parameteritem>
</parameterlist>
</para>        </detaileddescription>
        <inbodydescription>
        </inbodydescription>
        <location file="Camadas_de_dados/modificaEstado.h" line="29" column="1" bodyfile="Camadas_de_dados/modificaEstado.c" bodystart="48" bodyend="53"/>
      </memberdef>
      <memberdef kind="function" id="modificaEstado_8h_1a052bd349affda87044fb29cf4862ccb1" prot="public" static="no" const="no" explicit="no" inline="no" virt="non-virtual">
        <type>void</type>
        <definition>void inicializar_jogadas</definition>
        <argsstring>(ESTADO *e)</argsstring>
        <name>inicializar_jogadas</name>
        <param>
          <type><ref refid="structESTADO" kindref="compound">ESTADO</ref> *</type>
          <declname>e</declname>
        </param>
        <briefdescription>
<para>Funcao que incializa a lista de jogadas/movimentos. </para>        </briefdescription>
        <detaileddescription>
<para><parameterlist kind="param"><parameteritem>
<parameternamelist>
<parametername>e</parametername>
</parameternamelist>
<parameterdescription>
<para></para></parameterdescription>
</parameteritem>
</parameterlist>
</para>        </detaileddescription>
        <inbodydescription>
        </inbodydescription>
        <location file="Camadas_de_dados/modificaEstado.h" line="35" column="1" bodyfile="Camadas_de_dados/modificaEstado.c" bodystart="55" bodyend="65"/>
      </memberdef>
      <memberdef kind="function" id="modificaEstado_8h_1ad6e326e4ffa57ca1ae0c75377ecefc8c" prot="public" static="no" const="no" explicit="no" inline="no" virt="non-virtual">
        <type>int</type>
        <definition>int obter_jogador_atual</definition>
        <argsstring>(ESTADO *estado)</argsstring>
        <name>obter_jogador_atual</name>
        <param>
          <type><ref refid="structESTADO" kindref="compound">ESTADO</ref> *</type>
          <declname>estado</declname>
        </param>
        <briefdescription>
<para>Funcao que obtem o jogador atual. </para>        </briefdescription>
        <detaileddescription>
<para><parameterlist kind="param"><parameteritem>
<parameternamelist>
<parametername>estado</parametername>
</parameternamelist>
<parameterdescription>
<para>Apontador do estado </para></parameterdescription>
</parameteritem>
</parameterlist>
<simplesect kind="return"><para>O numero do jogador atual </para></simplesect>
</para>        </detaileddescription>
        <inbodydescription>
        </inbodydescription>
        <location file="Camadas_de_dados/modificaEstado.h" line="42" column="1" bodyfile="Camadas_de_dados/modificaEstado.c" bodystart="68" bodyend="70"/>
      </memberdef>
      <memberdef kind="function" id="modificaEstado_8h_1a6cd0b387bdee9e18003c78852394aa63" prot="public" static="no" const="no" explicit="no" inline="no" virt="non-virtual">
        <type>int</type>
        <definition>int obter_numero_de_jogadas</definition>
        <argsstring>(ESTADO *estado)</argsstring>
        <name>obter_numero_de_jogadas</name>
        <param>
          <type><ref refid="structESTADO" kindref="compound">ESTADO</ref> *</type>
          <declname>estado</declname>
        </param>
        <briefdescription>
<para>Funcao que obtem o numero das jogadas feitas. </para>        </briefdescription>
        <detaileddescription>
<para><parameterlist kind="param"><parameteritem>
<parameternamelist>
<parametername>estado</parametername>
</parameternamelist>
<parameterdescription>
<para>Apontador do estado </para></parameterdescription>
</parameteritem>
</parameterlist>
<simplesect kind="return"><para>O numero de jogadas feitas </para></simplesect>
</para>        </detaileddescription>
        <inbodydescription>
        </inbodydescription>
        <location file="Camadas_de_dados/modificaEstado.h" line="49" column="1" bodyfile="Camadas_de_dados/modificaEstado.c" bodystart="74" bodyend="76"/>
      </memberdef>
      <memberdef kind="function" id="modificaEstado_8h_1a6faa68373203923729ed38657aa0f768" prot="public" static="no" const="no" explicit="no" inline="no" virt="non-virtual">
        <type><ref refid="estruturasDados_8h_1aba91601f16d4c485b2d9b8c429f27039" kindref="member">CASA</ref></type>
        <definition>CASA obter_estado_casa</definition>
        <argsstring>(ESTADO *e, COORDENADA c)</argsstring>
        <name>obter_estado_casa</name>
        <param>
          <type><ref refid="structESTADO" kindref="compound">ESTADO</ref> *</type>
          <declname>e</declname>
        </param>
        <param>
          <type><ref refid="structCOORDENADA" kindref="compound">COORDENADA</ref></type>
          <declname>c</declname>
        </param>
        <briefdescription>
<para>Funcao que obtem o estado de uma casa. </para>        </briefdescription>
        <detaileddescription>
<para><parameterlist kind="param"><parameteritem>
<parameternamelist>
<parametername>e</parametername>
</parameternamelist>
<parameterdescription>
<para>Apontador do estado </para></parameterdescription>
</parameteritem>
<parameteritem>
<parameternamelist>
<parametername>c</parametername>
</parameternamelist>
<parameterdescription>
<para>A coordenada da casa </para></parameterdescription>
</parameteritem>
</parameterlist>
<simplesect kind="return"><para>O estado da casa </para></simplesect>
</para>        </detaileddescription>
        <inbodydescription>
        </inbodydescription>
        <location file="Camadas_de_dados/modificaEstado.h" line="57" column="1" bodyfile="Camadas_de_dados/modificaEstado.c" bodystart="79" bodyend="81"/>
      </memberdef>
      </sectiondef>
    <briefdescription>
    </briefdescription>
    <detaileddescription>
<para>Definicao das funcoes que modificam o estado </para>    </detaileddescription>
    <programlisting>
<codeline lineno="1"><highlight class="comment">//</highlight><highlight class="normal"></highlight></codeline>
<codeline lineno="2"><highlight class="normal"></highlight><highlight class="comment">//<sp/>Created<sp/>by<sp/>david<sp/>on<sp/>12/03/20.</highlight><highlight class="normal"></highlight></codeline>
<codeline lineno="3"><highlight class="normal"></highlight><highlight class="comment">//</highlight><highlight class="normal"></highlight></codeline>
<codeline lineno="4"><highlight class="normal"></highlight><highlight class="preprocessor">#include<sp/>&quot;<ref refid="estruturasDados_8h" kindref="compound">estruturasDados.h</ref>&quot;</highlight><highlight class="normal"></highlight></codeline>
<codeline lineno="5"><highlight class="normal"></highlight></codeline>
<codeline lineno="10"><highlight class="preprocessor">#ifndef<sp/>RASTROS_INICIALIZADOR_H</highlight><highlight class="normal"></highlight></codeline>
<codeline lineno="11"><highlight class="normal"></highlight><highlight class="preprocessor">#define<sp/>RASTROS_INICIALIZADOR_H</highlight><highlight class="normal"></highlight></codeline>
<codeline lineno="12"><highlight class="normal"></highlight></codeline>
<codeline lineno="16"><highlight class="normal"><ref refid="structESTADO" kindref="compound">ESTADO</ref><sp/>*<ref refid="modificaEstado_8h_1a7e0c7e26fb685d9ab501e19b05e6954f" kindref="member">inicializar_estado</ref>();</highlight></codeline>
<codeline lineno="17"><highlight class="normal"></highlight></codeline>
<codeline lineno="23"><highlight class="keywordtype">void</highlight><highlight class="normal"><sp/><ref refid="modificaEstado_8h_1a1c0a78bd9cea38120e85e7385e2c079a" kindref="member">inicializar_tab</ref><sp/>(<ref refid="structESTADO" kindref="compound">ESTADO</ref><sp/>*e);</highlight></codeline>
<codeline lineno="24"><highlight class="normal"></highlight></codeline>
<codeline lineno="29"><highlight class="keywordtype">void</highlight><highlight class="normal"><sp/><ref refid="modificaEstado_8h_1ae0f58991f028e691d967767f430af929" kindref="member">inicializar_ultima_jogada</ref><sp/>(<ref refid="structESTADO" kindref="compound">ESTADO</ref><sp/>*e);</highlight></codeline>
<codeline lineno="30"><highlight class="normal"></highlight></codeline>
<codeline lineno="35"><highlight class="keywordtype">void</highlight><highlight class="normal"><sp/><ref refid="modificaEstado_8h_1a052bd349affda87044fb29cf4862ccb1" kindref="member">inicializar_jogadas</ref><sp/>(<ref refid="structESTADO" kindref="compound">ESTADO</ref><sp/>*e);</highlight></codeline>
<codeline lineno="36"><highlight class="normal"></highlight></codeline>
<codeline lineno="42"><highlight class="keywordtype">int</highlight><highlight class="normal"><sp/><ref refid="modificaEstado_8h_1ad6e326e4ffa57ca1ae0c75377ecefc8c" kindref="member">obter_jogador_atual</ref>(<ref refid="structESTADO" kindref="compound">ESTADO</ref><sp/>*estado);</highlight></codeline>
<codeline lineno="43"><highlight class="normal"></highlight></codeline>
<codeline lineno="49"><highlight class="keywordtype">int</highlight><highlight class="normal"><sp/><ref refid="modificaEstado_8h_1a6cd0b387bdee9e18003c78852394aa63" kindref="member">obter_numero_de_jogadas</ref>(<ref refid="structESTADO" kindref="compound">ESTADO</ref><sp/>*estado);</highlight></codeline>
<codeline lineno="50"><highlight class="normal"></highlight></codeline>
<codeline lineno="57"><highlight class="normal"><ref refid="estruturasDados_8h_1aba91601f16d4c485b2d9b8c429f27039" kindref="member">CASA</ref><sp/><ref refid="modificaEstado_8h_1a6faa68373203923729ed38657aa0f768" kindref="member">obter_estado_casa</ref>(<ref refid="structESTADO" kindref="compound">ESTADO</ref><sp/>*e,<sp/><ref refid="structCOORDENADA" kindref="compound">COORDENADA</ref><sp/>c);</highlight></codeline>
<codeline lineno="58"><highlight class="normal"></highlight></codeline>
<codeline lineno="59"><highlight class="normal"></highlight><highlight class="preprocessor">#endif<sp/>//RASTROS_INICIALIZADOR_H</highlight></codeline>
    </programlisting>
    <location file="Camadas_de_dados/modificaEstado.h"/>
  </compounddef>
</doxygen>
